published_date,open,high,low,close,per_change,traded_quantity,traded_amount,status
3/20/2011,442,446,446,446,0,200,89200,0
3/24/2011,460,462,460,462,0,1050,483600,0
3/25/2011,462,465,460,460,0,2360,1088780,0
3/27/2011,460,458,454,458,0,1740,795740,0
3/28/2011,458,458,450,450,0,1350,609940,0
3/29/2011,450,445,440,440,0,1400,616800,0
3/30/2011,440,450,436,450,0,2460,1097260,0
3/31/2011,450,455,455,455,0,150,68250,0
4/4/2011,455,455,450,455,0,1110,500600,0
4/5/2011,455,460,456,460,0,1400,642900,0
4/6/2011,460,460,460,460,0,530,243800,0
4/7/2011,460,465,456,460,0,3430,1578600,0
4/10/2011,460,461,455,461,0,10520,4834740,0
4/11/2011,461,460,452,459,0,4420,2007830,0
4/13/2011,459,481,459,474,0,3010,1418900,0
4/20/2011,474,466,466,466,0,10,4660,0
4/21/2011,466,460,460,460,0,10,4600,0
4/27/2011,460,451,423,424,0,470,204950,0
4/28/2011,424,427,419,420,0,1190,500770,0
5/2/2011,420,415,407,414,0,2150,877950,0
5/3/2011,414,406,396,399,0,1530,611440,0
5/4/2011,399,406,406,406,0,100,40600,0
5/5/2011,406,405,402,402,0,810,327000,0
5/8/2011,402,410,406,406,0,400,163200,0
5/10/2011,406,406,406,406,0,300,121800,0
5/11/2011,406,406,400,406,0,830,333610,0
5/12/2011,406,408,406,408,0,1090,442720,0
5/15/2011,408,406,406,406,0,200,81200,0
5/16/2011,406,407,405,405,0,600,243500,0
5/18/2011,405,410,406,406,0,310,126660,0
5/19/2011,406,406,404,404,0,400,162100,0
5/22/2011,404,405,403,403,0,400,161600,0
5/23/2011,403,403,400,403,0,730,292640,0
5/24/2011,403,400,399,399,0,370,147700,0
5/25/2011,399,402,399,399,0,450,179850,0
5/26/2011,399,414,398,414,0,1520,608100,0
5/30/2011,414,406,398,402,0,830,332950,0
5/31/2011,402,399,394,395,0,2700,1069800,0
6/1/2011,395,401,399,399,0,500,199700,0
6/2/2011,399,399,398,399,0,280,111550,0
6/5/2011,399,395,390,390,0,900,353100,0
6/6/2011,390,390,385,385,0,550,213750,0
6/7/2011,385,389,380,380,0,1700,655700,0
6/8/2011,380,381,370,370,0,3970,1499080,0
6/9/2011,370,377,365,377,0,980,362490,0
6/12/2011,377,381,352,366,0,10110,3679160,0
6/13/2011,366,377,366,377,0,950,350950,0
6/14/2011,377,380,377,378,0,510,192880,0
6/15/2011,378,385,375,376,0,3130,1180650,0
6/16/2011,376,392,376,392,0,1450,552000,0
6/19/2011,392,417,399,417,0,1200,491500,0
6/20/2011,392,417,399,417,0,1200,491500,0
6/21/2011,415,428,415,420,0,4600,1926100,0
6/23/2011,420,446,423,446,0,6060,2624350,0
6/26/2011,446,455,402,402,0,4360,1914710,0
6/27/2011,402,395,381,381,0,2250,866850,0
6/29/2011,381,385,370,385,0,2350,880950,0
6/30/2011,385,414,385,414,0,1120,438640,0
7/3/2011,414,414,391,400,0,1280,511240,0
7/4/2011,400,405,398,405,0,400,159900,0
7/5/2011,405,421,412,421,0,1690,701160,0
7/6/2011,421,421,413,420,0,550,229750,0
7/7/2011,420,420,400,405,0,500,204200,0
7/10/2011,405,413,410,413,0,640,264020,0
7/11/2011,413,407,400,400,0,610,244770,0
7/12/2011,400,416,408,415,0,360,148180,0
7/13/2011,415,425,407,413,0,2210,918350,0
7/14/2011,413,419,408,419,0,2820,1162700,0
7/17/2011,419,435,427,435,0,310,134050,0
7/18/2011,435,451,417,425,0,1660,719700,0
7/19/2011,425,425,425,425,0,1710,726750,0
7/20/2011,425,439,420,439,0,2660,1143940,0
7/21/2011,439,435,425,427,0,1740,744770,0
7/24/2011,427,419,414,415,0,1180,489420,0
7/25/2011,415,415,415,415,0,280,116200,0
7/26/2011,415,419,400,415,0,1810,734740,0
7/27/2011,415,420,405,420,0,5040,2063380,0
7/28/2011,420,421,413,421,0,210,87310,0
7/31/2011,421,417,415,417,0,950,394500,0
8/1/2011,417,415,415,415,0,50,20750,0
8/2/2011,415,416,415,415,0,200,83100,0
8/3/2011,415,416,411,414,0,1260,519240,0
8/4/2011,414,424,412,424,0,3160,1306480,0
8/7/2011,424,416,408,408,0,500,206400,0
8/8/2011,408,414,400,414,0,1690,678800,0
8/9/2011,414,409,405,405,0,650,265050,0
8/10/2011,405,413,410,410,0,850,349700,0
8/11/2011,410,410,408,410,0,400,163600,0
8/15/2011,410,410,400,410,0,1870,755470,0
8/16/2011,410,415,410,415,0,420,173500,0
8/17/2011,415,415,408,410,0,2130,874050,0
8/18/2011,410,415,408,408,0,460,188980,0
8/22/2011,408,412,408,409,0,630,257670,0
8/23/2011,409,410,410,410,0,20,8200,0
8/24/2011,410,412,405,412,0,765,312025,0
8/25/2011,412,418,410,410,0,570,235360,0
8/28/2011,410,415,405,405,0,645,264735,0
8/29/2011,405,413,401,413,0,940,383480,0
8/30/2011,413,418,405,410,0,1580,645140,0
9/1/2011,410,420,415,420,0,500,209300,0
9/4/2011,420,426,411,411,0,2480,1026930,0
9/5/2011,411,416,410,416,0,1190,492750,0
9/6/2011,416,421,410,411,0,1060,437510,0
9/7/2011,411,415,408,411,0,2055,843080,0
9/8/2011,411,411,403,411,0,1185,482855,0
9/12/2011,411,411,405,409,0,1350,548550,0
9/13/2011,409,407,405,407,0,1930,782250,0
9/14/2011,407,405,400,405,0,1330,535390,0
9/15/2011,405,405,401,405,0,1050,422650,0
9/18/2011,405,405,402,402,0,1100,443900,0
9/19/2011,402,402,398,400,0,2280,912100,0
9/20/2011,400,402,400,402,0,2550,1020100,0
9/21/2011,402,410,400,410,0,500,202900,0
9/22/2011,410,416,404,404,0,1200,491100,0
9/25/2011,404,415,410,415,0,450,185400,0
9/26/2011,415,420,416,419,0,350,146100,0
9/27/2011,419,419,410,415,0,840,346000,0
9/29/2011,415,417,415,415,0,560,232645,0
10/2/2011,415,407,407,407,0,5000,2035000,0
10/10/2011,407,414,411,414,0,300,123650,0
10/12/2011,414,416,414,416,0,1600,664000,0
10/13/2011,416,417,411,411,0,2100,867300,0
10/16/2011,411,413,409,411,0,990,406390,0
10/17/2011,411,414,409,414,0,1330,545020,0
10/20/2011,414,415,412,413,0,1635,676120,0
10/23/2011,413,418,410,410,0,1490,613320,0
10/24/2011,410,411,411,411,0,500,205500,0
10/25/2011,411,418,414,418,0,700,290600,0
10/30/2011,418,417,415,417,0,370,153950,0
10/31/2011,417,420,417,420,0,400,167200,0
11/2/2011,420,436,428,436,0,620,267760,0
11/3/2011,436,436,416,436,0,4130,1763320,0
11/6/2011,436,428,420,421,0,700,295650,0
11/8/2011,421,426,415,415,0,475,199155,0
11/9/2011,415,420,420,420,0,310,130200,0
11/10/2011,420,421,417,417,0,750,313850,0
11/13/2011,417,422,412,419,0,1725,723370,0
11/14/2011,419,431,415,431,0,1910,802110,0
11/15/2011,431,431,415,418,0,1040,439320,0
11/16/2011,418,422,419,420,0,980,412020,0
11/17/2011,420,429,421,429,0,1850,782900,0
11/20/2011,429,430,425,430,0,1465,625305,0
11/21/2011,430,430,430,430,0,150,64500,0
11/22/2011,430,430,428,430,0,800,343400,0
11/23/2011,430,429,421,421,0,935,395375,0
11/24/2011,421,421,421,421,0,1350,568350,0
11/27/2011,421,425,419,420,0,1325,560105,0
11/28/2011,420,421,418,420,0,990,415860,0
12/1/2011,425,425,420,421,0,1100,463200,0
12/4/2011,421,426,415,422,0,1060,446570,0
12/5/2011,422,425,415,419,0,5810,2433110,0
12/6/2011,419,425,421,421,0,2260,952810,0
12/7/2011,421,426,424,425,0,1635,695065,0
12/8/2011,425,430,427,428,0,710,303600,0
12/11/2011,428,429,425,425,0,820,350030,0
12/12/2011,425,425,422,425,0,200,84700,0
12/13/2011,425,427,419,419,0,1410,593990,0
12/14/2011,419,425,417,425,0,1710,723650,0
12/15/2011,425,427,423,425,0,625,265475,0
12/18/2011,425,421,421,421,0,200,84200,0
12/20/2011,421,424,420,420,0,1205,507155,0
12/21/2011,420,426,420,420,0,550,231300,0
12/26/2011,420,420,420,420,0,760,319200,0
12/27/2011,420,421,421,421,0,295,124195,0
12/28/2011,421,426,419,423,0,300,126800,0
12/29/2011,423,422,420,422,0,600,252400,0
1/1/2012,422,430,425,427,0,450,191780,0
1/2/2012,427,436,420,436,0,1055,452860,0
1/3/2012,436,435,430,435,0,1270,546250,0
1/4/2012,435,437,425,425,0,2020,865940,0
1/5/2012,425,435,420,435,0,1040,440100,0
1/8/2012,435,434,427,427,0,1885,812555,0
1/9/2012,427,437,424,430,0,2855,1226265,0
1/10/2012,435,446,435,438,0,2310,1010520,0
1/11/2012,438,440,433,439,0,2800,1223400,0
1/12/2012,439,440,438,439,0,650,285300,0
1/16/2012,439,443,440,443,0,2205,973110,0
1/17/2012,443,448,448,448,0,100,44800,0
1/18/2012,448,450,440,440,0,1100,485400,0
1/19/2012,440,440,438,438,0,1260,552880,0
1/22/2012,438,444,435,444,0,385,167665,0
1/23/2012,444,438,435,437,0,875,381500,0
1/25/2012,437,438,434,436,0,980,426020,0
1/26/2012,436,436,436,436,0,1490,649640,0
1/29/2012,436,439,432,436,0,6345,2747225,0
1/31/2012,436,439,434,436,0,950,414700,0
2/1/2012,436,439,434,439,0,410,178790,0
2/2/2012,439,438,431,438,0,2000,866500,0
2/5/2012,438,435,435,435,0,600,261000,0
2/6/2012,435,436,433,433,0,4205,1825510,0
2/7/2012,433,438,433,433,0,2280,989140,0
2/8/2012,433,436,431,434,0,2770,1201770,0
2/9/2012,434,436,433,435,0,1090,473930,0
2/12/2012,435,435,433,433,0,2375,1030605,0
2/13/2012,433,437,433,435,0,1630,708720,0
2/14/2012,435,437,435,435,0,1965,855895,0
2/15/2012,435,437,435,436,0,4900,2136000,0
2/16/2012,436,441,438,441,0,855,375900,0
2/21/2012,441,443,441,441,0,1835,811785,0
2/23/2012,441,446,444,445,0,10500,4677300,0
2/26/2012,445,444,440,444,0,2700,1193450,0
2/27/2012,444,447,443,445,0,1260,559100,0
2/28/2012,445,453,445,447,0,3350,1501820,0
2/29/2012,447,449,447,449,0,1195,534590,0
3/1/2012,449,452,447,452,0,2660,1196470,0
3/4/2012,452,453,447,447,0,1640,735500,0
3/5/2012,447,452,448,448,0,1375,616500,0
3/6/2012,448,447,447,447,0,445,198915,0
3/11/2012,447,453,447,452,0,4930,2214870,0
3/12/2012,452,454,447,449,0,5030,2262120,0
3/13/2012,449,451,445,450,0,10610,4744920,0
3/14/2012,450,453,448,450,0,2655,1192385,0
3/15/2012,450,455,448,448,0,2280,1028740,0
3/18/2012,448,440,404,405,0,2055,845500,0
3/19/2012,405,406,404,404,0,600,243000,0
3/20/2012,404,405,400,400,0,1200,480500,0
3/21/2012,400,405,404,405,0,640,259060,0
3/25/2012,405,407,404,406,0,1070,433590,0
3/26/2012,406,405,401,405,0,800,323000,0
3/27/2012,405,406,401,406,0,1160,470460,0
3/28/2012,406,408,405,406,0,520,211220,0
3/29/2012,406,406,400,400,0,715,287120,0
4/1/2012,400,403,402,402,0,450,181000,0
4/2/2012,402,403,402,402,0,930,374040,0
4/3/2012,402,403,401,401,0,700,281200,0
4/4/2012,401,403,396,402,0,1135,453990,0
4/5/2012,402,404,404,404,0,100,40400,0
4/8/2012,404,404,404,404,0,795,321180,0
4/9/2012,404,406,404,404,0,2290,925560,0
4/10/2012,404,406,402,404,0,2710,1093060,0
4/11/2012,404,414,406,407,0,2200,898300,0
4/12/2012,407,416,405,414,0,2945,1201375,0
4/15/2012,414,430,415,430,0,2375,1009895,0
4/16/2012,430,473,438,473,0,1140,529010,0
4/17/2012,473,510,438,438,0,8720,4263700,0
4/18/2012,438,462,436,452,0,8350,3754760,0
4/19/2012,452,465,450,455,0,3590,1630560,0
4/22/2012,455,466,458,466,0,5165,2396230,0
4/24/2012,466,483,475,476,0,1125,536740,0
4/25/2012,476,494,485,486,0,1230,600400,0
4/26/2012,486,530,468,521,0,13900,6903700,0
4/29/2012,521,525,491,520,0,7160,3644475,0
4/30/2012,520,510,490,495,0,5790,2850400,0
5/2/2012,495,486,450,450,0,1435,676200,0
5/3/2012,450,459,459,459,0,30,13770,0
5/7/2012,459,499,481,499,0,310,153070,0
5/8/2012,499,520,500,508,0,15200,7703970,0
5/9/2012,508,508,491,500,0,7710,3850260,0
5/10/2012,500,505,476,495,0,3970,1944630,0
5/13/2012,495,486,463,473,0,6395,3024945,0
5/14/2012,473,470,457,464,0,4650,2151840,0
5/15/2012,464,473,473,473,0,50,23650,0
5/16/2012,473,520,482,520,0,1280,660750,0
5/17/2012,520,540,502,507,0,4810,2511080,0
5/20/2012,507,501,479,490,0,1260,618660,0
5/21/2012,490,500,490,498,0,2675,1318300,0
5/22/2012,498,500,485,485,0,1530,749210,0
5/23/2012,485,476,460,460,0,1540,715300,0
5/24/2012,460,488,462,481,0,1545,741790,0
5/27/2012,481,501,479,501,0,4270,2068510,0
5/29/2012,501,491,451,451,0,1290,584370,0
5/30/2012,451,443,427,438,0,8335,3629055,0
5/31/2012,438,472,435,451,0,3540,1602940,0
6/3/2012,451,496,460,488,0,1240,576930,0
6/4/2012,488,479,461,472,0,1900,895660,0
6/5/2012,472,470,460,465,0,805,372300,0
6/6/2012,465,462,456,457,0,2320,1063090,0
6/7/2012,457,474,463,463,0,785,365415,0
6/10/2012,463,465,458,461,0,1100,507200,0
6/11/2012,461,467,460,465,0,1450,671160,0
6/12/2012,465,474,465,468,0,450,210800,0
6/13/2012,468,467,459,464,0,1885,871675,0
6/14/2012,464,465,465,465,0,855,397575,0
6/17/2012,465,465,458,460,0,2395,1104510,0
6/18/2012,460,465,452,464,0,2060,953220,0
6/19/2012,464,464,455,463,0,5635,2588295,0
6/20/2012,463,469,458,462,0,1000,463200,0
6/21/2012,462,463,454,460,0,1810,831820,0
6/25/2012,460,474,455,472,0,4710,2196940,0
6/26/2012,472,470,465,465,0,1870,871770,0
6/27/2012,465,470,452,470,0,2460,1146140,0
6/28/2012,470,480,466,480,0,2970,1416280,0
7/1/2012,480,475,470,470,0,1630,769530,0
7/2/2012,470,472,470,472,0,1245,585850,0
7/3/2012,472,475,465,471,0,1300,613230,0
7/4/2012,471,489,470,475,0,3155,1507440,0
7/5/2012,475,481,475,475,0,345,163935,0
7/8/2012,475,486,475,480,0,6960,3338880,0
7/9/2012,480,497,480,490,0,5285,2564890,0
7/10/2012,490,501,491,498,0,6815,3387435,0
7/11/2012,498,491,489,490,0,1700,832000,0
7/12/2012,490,490,481,490,0,4260,2079180,0
7/15/2012,490,503,489,503,0,1190,585640,0
7/16/2012,503,493,489,490,0,730,357600,0
7/17/2012,490,492,473,490,0,1180,576340,0
7/18/2012,490,501,490,500,0,6145,3060460,0
7/19/2012,500,511,503,505,0,4340,2198030,0
7/22/2012,505,528,510,525,0,5625,2937265,0
7/23/2012,525,540,525,526,0,5950,3188980,0
7/24/2012,526,530,511,530,0,3320,1713490,0
7/25/2012,530,540,524,524,0,1810,950990,0
7/26/2012,524,523,519,520,0,1540,801480,0
7/29/2012,520,520,510,510,0,1170,597800,0
7/30/2012,510,525,511,525,0,2430,1260020,0
7/31/2012,525,521,518,521,0,7925,4120880,0
8/1/2012,521,525,515,525,0,3835,2002725,0
8/5/2012,525,530,515,525,0,2380,1250850,0
8/6/2012,525,525,520,523,0,3440,1802475,0
8/7/2012,523,528,525,528,0,2070,1087840,0
8/8/2012,528,530,525,530,0,2470,1304240,0
8/12/2012,530,532,525,531,0,5735,3031795,0
8/13/2012,531,535,527,535,0,8300,4407000,0
8/14/2012,535,537,533,537,0,4970,2659900,0
8/15/2012,537,535,530,534,0,7080,3778420,0
8/16/2012,534,535,530,534,0,2710,1447700,0
8/19/2012,534,538,530,530,0,3770,1999600,0
8/21/2012,530,540,530,537,0,3845,2055395,0
8/22/2012,537,541,535,541,0,7745,4164820,0
8/23/2012,541,545,541,545,0,2790,1517820,0
8/26/2012,545,559,540,559,0,6420,3528690,0
8/27/2012,559,594,559,594,0,31065,18211104,0
8/28/2012,594,612,588,593,0,28455,16906050,0
8/29/2012,593,590,580,587,0,4810,2807770,0
8/30/2012,587,596,581,586,0,1305,762005,0
9/2/2012,586,590,578,590,0,5355,3136610,0
9/3/2012,590,600,581,588,0,2770,1631170,0
9/4/2012,588,590,579,581,0,3680,2139550,0
9/5/2012,581,579,575,577,0,1920,1106980,0
9/6/2012,577,585,569,575,0,4340,2485040,0
9/9/2012,575,573,564,573,0,2320,1325810,0
9/10/2012,573,573,562,570,0,9945,5628685,0
9/11/2012,570,579,570,575,0,2660,1525760,0
9/12/2012,575,584,572,584,0,3340,1919460,0
9/13/2012,584,595,575,595,0,2630,1529920,0
9/16/2012,595,601,585,589,0,5280,3117900,0
9/17/2012,589,595,587,592,0,6100,3619480,0
9/18/2012,592,600,591,596,0,9170,5459510,0
9/19/2012,596,599,591,594,0,1810,1077440,0
9/20/2012,594,600,588,600,0,3900,2306120,0
9/23/2012,600,591,580,588,0,6225,3661765,0
9/24/2012,588,594,585,594,0,6245,3682675,0
9/25/2012,594,599,593,593,0,2695,1604865,0
9/26/2012,593,604,594,596,0,5205,3102500,0
9/30/2012,606,614,601,610,0,5360,3251255,0
10/1/2012,610,618,610,618,0,13400,8218890,0
10/1/2012,610,618,610,618,0,13400,8218890,0
10/2/2012,618,623,616,621,0,7390,4582615,0
10/3/2012,621,627,621,626,0,10770,6723800,0
10/4/2012,626,663,620,660,0,25830,16660960,0
10/7/2012,660,690,664,664,0,16030,10823750,0
10/8/2012,664,670,650,650,0,5925,3913015,0
10/9/2012,650,668,650,655,0,11280,7366190,0
10/10/2012,655,653,648,648,0,5920,3847880,0
10/11/2012,648,655,642,650,0,3555,2300815,0
10/14/2012,650,652,645,652,0,5265,3416130,0
10/15/2012,652,651,646,647,0,3380,2192480,0
10/17/2012,647,663,647,660,0,6010,3944620,0
10/18/2012,660,677,655,675,0,3520,2347040,0
10/30/2012,675,687,669,687,0,2720,1823070,0
10/31/2012,687,681,670,672,0,6185,4153130,0
11/1/2012,672,674,662,662,0,7445,4962730,0
11/4/2012,662,667,660,667,0,5765,3836660,0
11/5/2012,667,679,661,667,0,6170,4129330,0
11/6/2012,667,671,665,670,0,7770,5193350,0
11/7/2012,670,680,665,671,0,12870,8622580,0
11/8/2012,671,688,668,670,0,7090,4780180,0
11/11/2012,670,673,657,673,0,5310,3515500,0
11/12/2012,673,671,651,664,0,2730,1808230,0
11/18/2012,664,680,660,671,0,5210,3483550,0
11/20/2012,671,679,670,670,0,3360,2263500,0
11/21/2012,670,670,655,668,0,7290,4851300,0
11/22/2012,668,670,660,667,0,4625,3085010,0
11/25/2012,667,680,666,670,0,5850,3925370,0
11/26/2012,670,669,663,667,0,3770,2503280,0
11/27/2012,667,670,660,664,0,12155,8073510,0
11/28/2012,664,662,657,660,0,4895,3230840,0
11/29/2012,660,678,656,660,0,2835,1868700,0
12/2/2012,660,659,653,658,0,2625,1720925,0
12/3/2012,658,660,652,660,0,2455,1613700,0
12/4/2012,660,671,660,665,0,5305,3532975,0
12/5/2012,665,670,661,665,0,3985,2652285,0
12/6/2012,665,665,656,665,0,2420,1599100,0
12/9/2012,665,660,648,652,0,6235,4071670,0
12/10/2012,652,648,640,645,0,8090,5194970,0
12/11/2012,645,655,650,650,0,4410,2875230,0
12/12/2012,650,658,654,655,0,2300,1506950,0
12/13/2012,655,660,655,660,0,3085,2025435,0
12/16/2012,660,671,662,670,0,5860,3916320,0
12/17/2012,670,669,661,662,0,2895,1922220,0
12/18/2012,662,665,660,665,0,2920,1927700,0
12/19/2012,665,665,657,658,0,1890,1248090,0
12/20/2012,658,666,650,659,0,5780,3774740,0
12/23/2012,659,668,651,655,0,2320,1520030,0
12/24/2012,655,659,650,659,0,5585,3662865,0
12/26/2012,659,674,659,666,0,6795,4515185,0
12/27/2012,666,674,662,664,0,6770,4522490,0
12/31/2012,664,663,655,660,0,4210,2769960,0
1/1/2013,660,665,658,663,0,4545,3004720,0
1/2/2013,663,665,657,665,0,4530,2986850,0
1/3/2013,665,666,655,661,0,5160,3400310,0
1/6/2013,661,665,660,663,0,1520,1006490,0
1/7/2013,663,663,655,660,0,2350,1543910,0
1/8/2013,660,661,651,661,0,1695,1104790,0
1/9/2013,661,655,640,654,0,5920,3848740,0
1/10/2013,654,663,655,660,0,2160,1424260,0
1/13/2013,660,665,656,665,0,5520,3637560,0
1/15/2013,665,663,650,657,0,6110,3995480,0
1/16/2013,657,660,656,660,0,1610,1060035,0
1/17/2013,660,655,652,655,0,1630,1066320,0
1/20/2013,655,652,649,650,0,3505,2277825,0
1/21/2013,650,659,651,659,0,1050,686650,0
1/22/2013,659,662,650,662,0,1400,918000,0
1/23/2013,662,658,650,655,0,3935,2566745,0
1/24/2013,655,654,650,651,0,4490,2920975,0
1/27/2013,651,652,648,648,0,3665,2378735,0
1/28/2013,648,655,650,653,0,1750,1139310,0
1/30/2013,653,655,645,651,0,5920,3848400,0
1/31/2013,651,652,647,650,0,2240,1454450,0
2/3/2013,650,658,650,650,0,4100,2672700,0
2/4/2013,650,651,645,650,0,2470,1602885,0
2/5/2013,650,654,644,651,0,5570,3603430,0
2/6/2013,651,651,648,650,0,1530,993950,0
2/7/2013,650,652,648,652,0,3945,2560730,0
2/10/2013,652,650,640,642,0,5070,3255010,0
2/12/2013,642,660,646,659,0,6650,4344750,0
2/13/2013,659,655,650,652,0,2130,1387250,0
2/14/2013,652,654,648,648,0,2290,1489170,0
2/17/2013,648,675,660,660,0,4700,3145600,0
2/19/2013,660,673,655,658,0,8010,5309545,0
2/20/2013,658,657,648,650,0,1250,813850,0
2/21/2013,650,654,643,652,0,14810,9560020,0
2/24/2013,652,647,639,646,0,1600,1025900,0
2/25/2013,646,660,649,650,0,2910,1896090,0
2/26/2013,650,657,650,655,0,5500,3592070,0
2/27/2013,655,650,645,650,0,3710,2404600,0
2/28/2013,650,648,646,646,0,1900,1228100,0
3/3/2013,646,650,646,649,0,2945,1909785,0
3/4/2013,649,650,640,640,0,1850,1188440,0
3/5/2013,640,643,640,641,0,2230,1428630,0
3/6/2013,641,650,640,640,0,4505,2895310,0
3/7/2013,640,645,638,641,0,3050,1953950,0
3/11/2013,641,649,640,642,0,8015,5132945,0
3/13/2013,642,645,640,644,0,2990,1924290,0
3/14/2013,644,656,641,650,0,5955,3853865,0
3/17/2013,650,637,604,604,0,750,467700,0
3/18/2013,604,610,601,601,0,2330,1408580,0
3/19/2013,601,604,597,597,0,1455,871790,0
3/21/2013,597,602,600,602,0,200,120200,0
3/24/2013,602,590,586,589,0,700,411200,0
3/25/2013,589,590,580,585,0,1085,635500,0
3/27/2013,585,587,574,587,0,2360,1356140,0
3/28/2013,587,581,570,575,0,4340,2483320,0
3/31/2013,575,580,571,580,0,560,321800,0
4/1/2013,580,576,570,576,0,1830,1051730,0
4/2/2013,576,580,575,580,0,1720,993900,0
4/3/2013,580,585,574,578,0,510,294240,0
4/4/2013,578,571,570,571,0,500,285300,0
4/7/2013,571,580,563,580,0,480,273620,0
4/8/2013,580,575,570,570,0,620,354940,0
4/9/2013,570,575,570,574,0,4500,2571000,0
4/11/2013,574,599,577,585,0,1500,874930,0
4/15/2013,585,575,575,575,0,100,57500,0
4/16/2013,575,581,566,581,0,4785,2724505,0
4/17/2013,581,582,568,582,0,15490,8799750,0
4/18/2013,582,588,562,588,0,5100,2886690,0
4/22/2013,588,577,558,558,0,450,253050,0
4/23/2013,558,575,548,553,0,2330,1296080,0
4/25/2013,553,570,557,570,0,340,190040,0
4/28/2013,570,579,557,568,0,430,240490,0
4/29/2013,568,560,547,550,0,3035,1669530,0
4/30/2013,550,555,545,547,0,3205,1751305,0
5/2/2013,547,560,529,539,0,1635,876725,0
5/5/2013,539,548,535,537,0,1255,674905,0
5/6/2013,537,545,533,535,0,2310,1234040,0
5/7/2013,535,550,533,540,0,3095,1658410,0
5/8/2013,540,535,530,532,0,12685,6778330,0
5/9/2013,532,537,527,534,0,2380,1264780,0
5/12/2013,534,544,526,526,0,860,454840,0
5/13/2013,526,534,517,534,0,10555,5463635,0
5/14/2013,534,558,535,535,0,995,536950,0
5/15/2013,535,550,535,535,0,3180,1702450,0
5/16/2013,535,548,538,545,0,11680,6306320,0
5/19/2013,545,548,535,540,0,1360,734250,0
5/20/2013,540,542,540,540,0,1620,875600,0
5/21/2013,540,548,538,548,0,1090,587265,0
5/22/2013,548,539,538,539,0,670,361010,0
5/23/2013,539,539,534,534,0,1820,974120,0
5/26/2013,534,535,531,535,0,750,400650,0
5/27/2013,535,550,535,539,0,4810,2581720,0
5/28/2013,539,542,535,535,0,585,314245,0
5/30/2013,535,536,531,536,0,2685,1434245,0
6/2/2013,536,534,531,532,0,1100,584800,0
6/3/2013,532,536,534,534,0,550,294100,0
6/4/2013,534,536,530,536,0,2100,1120610,0
6/5/2013,536,535,535,535,0,650,347750,0
6/6/2013,535,535,533,535,0,1510,807090,0
6/9/2013,535,540,529,535,0,2770,1473740,0
6/10/2013,535,528,522,528,0,850,445700,0
6/11/2013,528,528,525,525,0,2770,1456795,0
6/12/2013,525,527,522,525,0,2130,1117070,0
6/13/2013,525,525,523,525,0,1660,869150,0
6/16/2013,525,525,525,525,0,900,472500,0
6/18/2013,525,524,522,523,0,900,470300,0
6/19/2013,523,522,518,520,0,2330,1209635,0
6/20/2013,520,520,514,520,0,1150,595780,0
6/23/2013,520,518,515,518,0,1780,918480,0
6/24/2013,518,518,515,516,0,900,464000,0
6/25/2013,516,525,516,523,0,2110,1097120,0
6/26/2013,523,533,525,530,0,8620,4564600,0
6/27/2013,530,540,530,530,0,5110,2708850,0
6/30/2013,530,530,520,530,0,6150,3258000,0
7/1/2013,530,540,528,530,0,870,461130,0
7/2/2013,530,530,526,530,0,3900,2066200,0
7/3/2013,530,535,526,532,0,6035,3199100,0
7/4/2013,532,530,529,530,0,4370,2315600,0
7/7/2013,530,533,528,530,0,7550,4001250,0
7/8/2013,530,559,530,559,0,1240,660560,0
7/9/2013,559,561,561,561,0,50,28050,0
7/10/2013,561,550,530,530,0,1110,599900,0
7/11/2013,530,550,532,550,0,330,177120,0
7/14/2013,550,570,550,570,0,380,211420,0
7/15/2013,570,596,581,596,0,110,64550,0
7/16/2013,596,585,540,542,0,2865,1555895,0
7/17/2013,542,552,539,539,0,520,282510,0
7/18/2013,539,550,539,550,0,2240,1219030,0
7/21/2013,550,561,550,554,0,3505,1954060,0
7/22/2013,554,560,551,551,0,835,461690,0
7/23/2013,551,550,545,545,0,470,257650,0
7/24/2013,545,550,538,538,0,1010,547180,0
7/25/2013,538,539,536,539,0,1850,993390,0
7/28/2013,539,542,533,541,0,4790,2570310,0
7/29/2013,541,554,544,554,0,4610,2541490,0
7/30/2013,554,564,550,564,0,1865,1040465,0
7/31/2013,564,564,554,561,0,4415,2471760,0
8/1/2013,561,560,555,558,0,6080,3389730,0
8/4/2013,558,557,551,557,0,6260,3473570,0
8/5/2013,557,560,551,552,0,5610,3102555,0
8/6/2013,552,554,550,552,0,3870,2134625,0
8/7/2013,552,554,551,554,0,2015,1113125,0
8/8/2013,554,555,550,555,0,4925,2716575,0
8/11/2013,555,557,552,553,0,1220,677080,0
8/12/2013,553,552,551,552,0,580,319960,0
8/13/2013,552,562,550,551,0,8380,4624485,0
8/14/2013,551,554,550,551,0,1490,821400,0
8/15/2013,551,553,552,552,0,8655,4780260,0
8/18/2013,552,560,551,555,0,3385,1875415,0
8/19/2013,555,558,544,556,0,4320,2377840,0
8/20/2013,556,567,554,567,0,9280,5197125,0
8/25/2013,567,571,565,571,0,3155,1794990,0
8/26/2013,571,580,569,570,0,4540,2593450,0
8/27/2013,570,591,573,581,0,3870,2253700,0
8/29/2013,581,576,570,572,0,8055,4626780,0
9/1/2013,572,590,566,583,0,28100,16165740,0
9/2/2013,583,580,575,575,0,2980,1714390,0
9/3/2013,575,576,573,576,0,7500,4313670,0
9/4/2013,576,575,574,575,0,1420,816180,0
9/5/2013,575,572,562,570,0,1435,813205,0
9/8/2013,570,572,565,570,0,1620,925290,0
9/9/2013,570,575,565,565,0,18025,10305525,0
9/10/2013,565,565,560,565,0,2640,1483600,0
9/11/2013,565,576,562,565,0,3560,2014420,0
9/12/2013,565,570,565,565,0,1010,571650,0
9/15/2013,565,565,563,563,0,3445,1945375,0
9/16/2013,563,570,564,564,0,4270,2419440,0
9/17/2013,564,565,560,565,0,1210,680570,0
9/19/2013,565,563,561,563,0,2625,1475775,0
9/22/2013,563,565,564,564,0,3030,1710830,0
9/23/2013,564,565,560,562,0,2345,1319320,0
9/24/2013,562,561,560,560,0,2600,1456100,0
9/25/2013,560,565,560,565,0,7065,3969595,0
9/26/2013,565,565,560,561,0,1995,1122150,0
9/29/2013,561,568,560,568,0,1200,672400,0
9/30/2013,568,576,559,576,0,4080,2299725,0
10/1/2013,576,581,570,572,0,12130,7017415,0
10/2/2013,572,569,562,569,0,2100,1182600,0
10/3/2013,569,578,562,578,0,1000,568150,0
10/6/2013,578,589,575,589,0,9190,5300940,0
10/7/2013,589,591,575,591,0,2665,1542185,0
10/8/2013,591,586,575,580,0,2095,1211235,0
10/9/2013,580,595,570,595,0,21085,12253770,0
10/10/2013,595,601,599,601,0,280,167880,0
10/17/2013,601,610,601,607,0,1030,621590,0
10/20/2013,607,622,600,610,0,4095,2492060,0
10/21/2013,610,614,607,614,0,7275,4439960,0
10/22/2013,612,613,600,605,0,3990,2421480,0
10/23/2013,605,614,602,608,0,2135,1298630,0
10/24/2013,608,610,607,610,0,6150,3747010,0
10/27/2013,610,611,600,605,0,770,464990,0
10/28/2013,605,601,599,599,0,700,419750,0
10/29/2013,599,602,595,600,0,11600,6920000,0
10/30/2013,600,597,596,597,0,420,250620,0
10/31/2013,597,601,598,601,0,485,290900,0
11/6/2013,601,606,595,603,0,2090,1249900,0
11/7/2013,603,600,600,600,0,200,120000,0
11/10/2013,600,600,600,600,0,1425,855000,0
11/11/2013,600,615,603,615,0,1250,759020,0
11/12/2013,612,626,610,620,0,1520,934720,0
11/13/2013,618,622,608,608,0,3680,2274320,0
11/14/2013,608,620,605,615,0,6440,3975530,0
11/21/2013,615,676,627,659,0,3360,2224560,0
11/24/2013,659,685,650,654,0,6890,4565520,0
11/25/2013,654,644,640,640,0,1890,1210900,0
11/26/2013,640,645,630,640,0,3735,2386325,0
11/27/2013,640,637,628,637,0,250,157900,0
11/28/2013,637,628,620,620,0,2330,1454440,0
12/1/2013,620,620,612,620,0,4245,2617255,0
12/2/2013,620,625,618,620,0,4060,2523700,0
12/3/2013,620,638,616,638,0,19025,11921085,0
12/4/2013,638,665,640,650,0,11135,7304070,0
12/5/2013,650,689,649,667,0,11640,7786190,0
12/8/2013,667,667,633,654,0,5530,3593510,0
12/9/2013,654,650,635,643,0,7400,4750920,0
12/10/2013,643,645,635,640,0,5060,3234620,0
12/11/2013,640,644,639,643,0,3400,2177905,0
12/12/2013,643,648,640,647,0,4570,2948870,0
12/15/2013,647,663,640,652,0,4265,2760900,0
12/16/2013,652,678,640,670,0,8020,5252700,0
12/18/2013,670,714,680,700,0,8370,5868840,0
12/19/2013,700,704,660,701,0,23155,16111070,0
12/22/2013,701,698,674,698,0,11220,7719280,0
12/23/2013,698,689,665,665,0,20785,14162225,0
12/24/2013,665,684,645,680,0,10235,6888920,0
12/26/2013,680,700,680,680,0,4800,3293510,0
12/29/2013,680,678,660,670,0,11210,7456430,0
12/31/2013,670,670,660,669,0,4310,2874780,0
1/1/2014,669,666,653,655,0,9530,6277455,0
1/2/2014,655,673,645,668,0,18765,12156390,0
1/5/2014,668,665,650,660,0,15190,9975575,0
1/6/2014,660,669,658,661,0,5420,3585455,0
1/7/2014,661,665,655,664,0,22245,14686500,0
1/8/2014,664,676,664,670,0,33665,22657080,0
1/9/2014,670,671,666,671,0,7465,4985915,0
1/12/2014,671,680,660,667,0,13685,9177740,0
1/13/2014,667,669,665,667,0,2850,1898650,0
1/14/2014,667,670,663,670,0,12795,8529270,0
1/16/2014,670,688,670,680,0,6985,4733050,0
1/19/2014,680,681,673,675,0,4475,3028100,0
1/20/2014,675,684,675,680,0,11240,7639630,0
1/21/2014,680,678,670,678,0,5300,3575180,0
1/22/2014,678,680,670,673,0,7370,4974900,0
1/23/2014,673,683,672,675,0,5240,3544640,0
1/26/2014,675,678,665,676,0,2870,1934700,0
1/27/2014,676,678,672,675,0,8805,5940685,0
1/28/2014,675,679,675,675,0,7660,5173730,0
1/29/2014,675,675,665,675,0,1800,1198700,0
2/2/2014,675,675,670,673,0,4490,3013950,0
2/3/2014,673,670,662,662,0,1060,704980,0
2/4/2014,662,679,664,679,0,7060,4711060,0
2/6/2014,680,675,667,672,0,3120,2095330,0
2/9/2014,672,676,670,675,0,6280,4221050,0
2/10/2014,675,710,662,680,0,13905,9589920,0
2/11/2014,680,674,668,673,0,2535,1697480,0
2/12/2014,673,676,669,674,0,3630,2446935,0
2/13/2014,674,688,673,675,0,3945,2682230,0
2/16/2014,675,675,661,675,0,3060,2053200,0
2/17/2014,675,675,668,673,0,7390,4965880,0
2/18/2014,673,673,667,673,0,5760,3855195,0
2/20/2014,673,676,660,675,0,8985,6012650,0
2/23/2014,675,679,667,667,0,2540,1712130,0
2/24/2014,667,680,665,670,0,11530,7726540,0
2/25/2014,670,675,667,670,0,4250,2842000,0
2/26/2014,670,696,666,696,0,1575,1055740,0
3/3/2014,696,683,683,683,0,50,34150,0
3/4/2014,683,682,659,670,0,3145,2083130,0
3/5/2014,670,674,668,670,0,1215,813960,0
3/6/2014,670,671,667,669,0,3695,2472855,0
3/9/2014,669,665,661,665,0,4360,2895360,0
3/10/2014,665,671,657,660,0,1810,1190790,0
3/11/2014,660,672,660,665,0,6390,4229760,0
3/12/2014,665,661,656,656,0,2200,1447990,0
3/13/2014,656,661,658,661,0,11370,7502480,0
3/17/2014,661,661,656,659,0,2060,1357140,0
3/18/2014,659,655,647,647,0,2550,1662220,0
3/19/2014,647,660,640,655,0,9250,5986560,0
3/20/2014,655,656,650,654,0,4870,3177200,0
3/23/2014,654,665,641,656,0,34000,22130780,0
3/24/2014,656,660,656,660,0,1185,781340,0
3/25/2014,660,660,647,654,0,2000,1315400,0
3/26/2014,654,656,655,656,0,1300,852300,0
3/27/2014,656,660,655,658,0,7480,4924350,0
3/31/2014,658,665,652,658,0,1830,1203840,0
4/1/2014,658,660,653,660,0,2050,1347970,0
4/2/2014,660,661,654,661,0,8430,5553180,0
4/3/2014,661,661,656,660,0,2520,1661440,0
4/6/2014,660,655,654,655,0,2050,1341950,0
4/7/2014,655,656,650,650,0,3945,2572430,0
4/9/2014,650,655,650,655,0,3305,2156700,0
4/10/2014,655,670,655,669,0,3590,2383660,0
4/13/2014,669,680,655,679,0,14770,10019360,0
4/15/2014,679,670,655,670,0,1315,869425,0
4/16/2014,670,660,655,655,0,1620,1062900,0
4/17/2014,655,654,650,652,0,1570,1023150,0
4/20/2014,652,658,650,655,0,3065,2001915,0
4/21/2014,655,655,653,655,0,1190,777550,0
4/22/2014,655,665,650,660,0,1690,1104500,0
4/23/2014,660,665,652,655,0,880,575290,0
4/27/2014,655,650,650,650,0,1460,949000,0
4/28/2014,650,650,646,646,0,970,629830,0
4/29/2014,646,649,635,649,0,1435,921375,0
4/30/2014,649,660,642,653,0,600,390900,0
5/4/2014,653,650,640,650,0,1365,884050,0
5/5/2014,650,660,649,660,0,3455,2253810,0
5/6/2014,660,665,649,650,0,5475,3572515,0
5/7/2014,650,663,650,650,0,7815,5105905,0
5/8/2014,650,663,650,650,0,1820,1184300,0
5/11/2014,650,655,650,655,0,2010,1307100,0
5/12/2014,655,661,650,661,0,2705,1770340,0
5/13/2014,661,655,650,655,0,3960,2575450,0
5/15/2014,655,670,657,670,0,4985,3312720,0
5/18/2014,670,668,658,660,0,1850,1221650,0
5/19/2014,660,654,651,651,0,2170,1415020,0
5/20/2014,651,655,650,650,0,1035,674690,0
5/21/2014,650,660,655,658,0,2365,1551955,0
5/22/2014,658,669,660,667,0,13080,8650270,0
5/25/2014,667,670,659,665,0,11005,7259505,0
5/26/2014,665,670,661,670,0,2220,1474400,0
5/27/2014,670,667,661,662,0,2700,1789150,0
5/28/2014,662,665,655,664,0,3590,2372530,0
6/1/2014,664,660,648,648,0,3900,2548690,0
6/2/2014,648,660,655,660,0,5525,3638675,0
6/3/2014,660,670,660,663,0,7100,4711900,0
6/4/2014,663,666,657,662,0,2510,1654000,0
6/5/2014,662,670,652,660,0,3805,2506890,0
6/8/2014,660,665,655,664,0,810,535150,0
6/9/2014,664,660,650,650,0,10120,6586740,0
6/10/2014,650,663,645,655,0,6010,3900580,0
6/11/2014,655,670,639,655,0,21120,13978660,0
6/12/2014,655,653,644,650,0,13225,8578345,0
6/16/2014,650,639,605,610,0,3555,2193810,0
6/17/2014,610,620,611,615,0,1925,1186230,0
6/18/2014,615,615,613,615,0,1525,937125,0
6/19/2014,615,610,600,602,0,7890,4769890,0
6/23/2014,602,601,598,600,0,1545,926500,0
6/24/2014,600,602,590,602,0,650,387700,0
6/25/2014,602,604,598,600,0,4675,2804770,0
6/26/2014,600,605,590,605,0,2700,1603600,0
6/29/2014,605,600,595,595,0,1590,947690,0
6/30/2014,595,595,585,588,0,5000,2939100,0
7/1/2014,588,591,585,585,0,9545,5612765,0
7/2/2014,585,593,580,593,0,13760,8032880,0
7/3/2014,593,600,588,600,0,6185,3669480,0
7/6/2014,600,623,596,623,0,10790,6567450,0
7/7/2014,623,623,605,615,0,2510,1537850,0
7/8/2014,615,627,615,620,0,2565,1589975,0
7/9/2014,620,615,609,609,0,3625,2216960,0
7/10/2014,609,621,600,615,0,10250,6242990,0
7/13/2014,615,654,620,638,0,14100,8916250,0
7/14/2014,638,658,631,637,0,6340,4067005,0
7/15/2014,637,649,635,635,0,2135,1363000,0
7/16/2014,635,656,639,656,0,3095,1983770,0
7/17/2014,656,650,640,644,0,9440,6095585,0
7/20/2014,644,656,640,645,0,1470,950670,0
7/21/2014,645,645,630,643,0,2750,1758060,0
7/22/2014,643,655,630,636,0,8380,5342195,0
7/23/2014,636,646,630,642,0,17960,11427210,0
7/24/2014,642,642,620,642,0,5180,3275310,0
7/27/2014,642,640,625,635,0,12215,7726730,0
7/28/2014,635,635,615,635,0,5940,3758410,0
7/30/2014,635,638,631,635,0,7700,4885640,0
7/31/2014,635,652,635,641,0,9185,5897565,0
8/3/2014,641,652,635,646,0,10175,6563065,0
8/4/2014,646,650,640,643,0,10660,6858655,0
8/5/2014,643,649,640,645,0,11510,7399780,0
8/6/2014,645,645,635,642,0,10645,6807930,0
8/7/2014,642,645,640,640,0,15315,9809495,0
8/12/2014,640,649,640,640,0,15975,10281420,0
8/13/2014,640,647,640,640,0,14605,9384305,0
8/14/2014,640,647,641,642,0,4420,2839380,0
8/18/2014,642,643,641,641,0,6610,4242330,0
8/19/2014,641,643,640,640,0,5240,3355450,0
8/20/2014,640,640,635,638,0,6850,4369730,0
8/21/2014,638,638,626,636,0,9320,5879610,0
8/24/2014,636,640,626,635,0,5010,3173475,0
8/25/2014,635,630,625,630,0,9190,5759040,0
8/26/2014,630,625,618,622,0,8695,5401000,0
8/27/2014,622,646,625,628,0,7550,4769410,0
8/28/2014,628,634,616,634,0,5150,3240210,0
8/31/2014,634,642,627,630,0,14020,8826430,0
9/1/2014,630,635,627,630,0,7895,4966040,0
9/3/2014,630,631,625,625,0,1940,1214260,0
9/4/2014,625,625,611,625,0,3035,1868145,0
9/7/2014,625,620,598,610,0,6980,4237615,0
9/9/2014,610,625,602,625,0,5625,3453120,0
9/10/2014,625,640,625,630,0,7530,4744325,0
9/11/2014,630,631,620,631,0,3895,2429020,0
9/14/2014,631,625,610,615,0,920,566200,0
9/15/2014,615,615,610,615,0,2500,1528920,0
9/16/2014,615,614,610,614,0,580,354440,0
9/17/2014,614,620,610,612,0,1830,1120570,0
9/18/2014,612,611,600,610,0,2435,1480500,0
9/21/2014,610,621,595,619,0,3060,1840310,0
9/22/2014,619,620,607,615,0,2060,1264820,0
9/23/2014,615,616,615,615,0,1060,652350,0
9/24/2014,615,617,602,615,0,2010,1231750,0
9/28/2014,615,612,612,612,0,500,306000,0
9/29/2014,612,615,615,615,0,1285,790275,0
9/30/2014,615,634,616,634,0,3895,2420100,0
10/9/2014,634,622,622,622,0,150,93300,0
10/12/2014,622,645,611,645,0,7155,4411185,0
10/13/2014,645,633,620,620,0,650,404400,0
10/14/2014,620,618,615,615,0,850,523200,0
10/15/2014,615,620,615,616,0,3595,2217915,0
10/16/2014,616,616,616,616,0,2065,1272040,0
10/19/2014,616,620,608,616,0,4240,2622240,0
10/20/2014,616,620,616,620,0,2230,1379290,0
10/21/2014,620,620,615,615,0,1400,864000,0
10/22/2014,615,617,613,615,0,965,593210,0
10/26/2014,615,618,618,618,0,100,61800,0
10/27/2014,618,620,615,620,0,920,567840,0
10/28/2014,620,620,615,616,0,2690,1663890,0
10/30/2014,616,620,616,619,0,4560,2825500,0
11/2/2014,619,620,612,616,0,7265,4473985,0
11/3/2014,616,615,605,607,0,9545,5852925,0
11/4/2014,607,612,602,609,0,2965,1800970,0
11/5/2014,609,611,608,610,0,1375,837260,0
11/6/2014,610,612,605,612,0,1690,1028650,0
11/9/2014,612,610,609,610,0,1800,1097700,0
11/10/2014,610,601,600,600,0,1650,990100,0
11/11/2014,600,610,595,610,0,2850,1707800,0
11/12/2014,610,605,600,600,0,2525,1517110,0
11/13/2014,600,603,600,601,0,1570,943620,0
11/16/2014,601,602,597,600,0,3180,1910960,0
11/17/2014,600,600,591,591,0,3270,1948530,0
11/18/2014,591,600,558,600,0,1090,635950,0
11/19/2014,600,600,591,600,0,1840,1098970,0
11/20/2014,600,604,597,600,0,1170,702060,0
11/23/2014,600,609,600,607,0,1600,964200,0
11/24/2014,607,605,596,600,0,2560,1528260,0
11/25/2014,600,603,600,600,0,730,438300,0
11/30/2014,600,600,597,597,0,1275,763920,0
12/1/2014,597,602,595,600,0,5535,3307825,0
12/2/2014,600,600,590,600,0,1260,749250,0
12/3/2014,600,604,597,599,0,1920,1150830,0
12/4/2014,599,599,598,598,0,600,359300,0
12/7/2014,598,603,592,598,0,1810,1076920,0
12/8/2014,598,598,590,598,0,900,536300,0
12/9/2014,598,600,598,600,0,1610,965800,0
12/10/2014,600,610,598,600,0,6200,3731520,0
12/11/2014,600,605,600,605,0,300,180500,0
12/14/2014,605,617,610,617,0,1470,903350,0
12/15/2014,617,620,606,620,0,3795,2311560,0
12/16/2014,620,616,601,615,0,1920,1170650,0
12/17/2014,615,613,600,613,0,1265,762500,0
12/18/2014,613,613,600,612,0,2560,1541950,0
12/21/2014,612,608,600,608,0,265,159800,0
12/22/2014,608,602,600,601,0,1570,943960,0
12/23/2014,601,601,600,600,0,1120,672100,0
12/24/2014,600,612,601,601,0,310,187610,0
12/28/2014,601,606,600,603,0,1400,845020,0
12/29/2014,603,616,600,616,0,2880,1738740,0
1/1/2015,616,604,592,604,0,2740,1641980,0
1/4/2015,604,608,600,603,0,2620,1579600,0
1/5/2015,603,602,600,602,0,400,240600,0
1/6/2015,602,603,600,603,0,4020,2414140,0
1/7/2015,603,610,610,610,0,50,30500,0
1/8/2015,610,612,605,612,0,850,515650,0
1/11/2015,612,612,605,605,0,1920,1167300,0
1/12/2015,605,615,605,615,0,3555,2162075,0
1/13/2015,615,620,603,620,0,3770,2305110,0
1/14/2015,620,625,610,625,0,1700,1050300,0
1/18/2015,625,635,620,635,0,2300,1437800,0
1/19/2015,635,647,635,647,0,2355,1503965,0
1/20/2015,647,636,636,636,0,200,127200,0
1/22/2015,636,635,625,635,0,1400,881850,0
1/25/2015,635,640,640,640,0,60,38400,0
1/26/2015,640,628,619,623,0,850,528600,0
1/27/2015,623,628,620,628,0,2350,1467850,0
1/28/2015,628,630,625,630,0,2010,1259980,0
1/29/2015,630,635,630,630,0,1200,756500,0
2/1/2015,630,640,624,637,0,2850,1806290,0
2/2/2015,637,641,635,641,0,2200,1403920,0
2/3/2015,641,648,641,647,0,3755,2418695,0
2/4/2015,647,645,640,640,0,2155,1382380,0
2/5/2015,640,648,630,648,0,3385,2151390,0
2/8/2015,648,648,625,648,0,1270,805160,0
2/9/2015,648,636,625,627,0,2000,1254100,0
2/10/2015,627,635,625,635,0,2870,1799030,0
2/11/2015,635,627,627,627,0,250,156750,0
2/12/2015,627,631,621,631,0,1390,871500,0
2/15/2015,631,635,625,635,0,16215,10207210,0
2/16/2015,635,640,635,635,0,2155,1373960,0
2/18/2015,635,639,635,635,0,3200,2032700,0
2/22/2015,635,632,630,632,0,450,283850,0
2/23/2015,632,633,620,633,0,2375,1495835,0
2/24/2015,633,630,621,630,0,1650,1032110,0
2/25/2015,630,628,625,628,0,2470,1544050,0
2/26/2015,628,647,625,647,0,845,532625,0
3/1/2015,647,640,630,635,0,3155,1996600,0
3/2/2015,635,640,634,634,0,1750,1112300,0
3/3/2015,634,636,635,635,0,1295,822435,0
3/4/2015,635,638,635,636,0,990,629050,0
3/9/2015,636,639,635,637,0,2265,1440655,0
3/10/2015,637,640,635,640,0,1600,1021100,0
3/11/2015,640,643,632,643,0,2150,1374500,0
3/12/2015,643,643,636,643,0,1130,722240,0
3/15/2015,643,646,640,646,0,300,193100,0
3/16/2015,646,635,630,630,0,1210,767315,0
3/17/2015,630,636,630,636,0,1660,1048360,0
3/19/2015,636,634,630,632,0,1775,1120320,0
3/22/2015,632,649,638,649,0,7530,4855780,0
3/23/2015,649,650,645,646,0,4360,2821770,0
3/24/2015,646,647,644,647,0,3070,1981750,0
3/25/2015,647,649,644,649,0,6945,4490555,0
3/26/2015,649,637,601,601,0,5700,3501640,0
3/29/2015,601,609,601,609,0,400,241900,0
3/30/2015,609,609,600,600,0,250,151350,0
3/31/2015,600,600,600,600,0,1000,600000,0
4/1/2015,600,600,591,600,0,530,315490,0
4/2/2015,600,595,590,590,0,2420,1428800,0
4/5/2015,590,587,585,585,0,1100,644000,0
4/6/2015,585,601,585,601,0,890,525170,0
4/7/2015,601,591,591,591,0,100,59100,0
4/8/2015,591,601,600,600,0,565,339135,0
4/9/2015,600,599,598,599,0,580,346960,0
4/12/2015,599,604,597,604,0,840,504320,0
4/13/2015,604,605,601,604,0,1190,718250,0
4/15/2015,604,615,600,608,0,350,212180,0
4/16/2015,608,615,615,615,0,10,6150,0
4/19/2015,615,603,600,600,0,3110,1866300,0
4/20/2015,600,605,600,600,0,2000,1201490,0
4/21/2015,600,603,600,600,0,410,246300,0
4/22/2015,600,610,598,610,0,2030,1219840,0
4/23/2015,610,612,602,611,0,13630,8304910,0
5/24/2015,611,599,556,556,0,5915,3298910,0
5/25/2015,556,554,541,554,0,2785,1535165,0
5/26/2015,554,578,565,575,0,2140,1229600,0
5/27/2015,575,570,560,565,0,2405,1357600,0
5/28/2015,565,575,570,575,0,5365,3063840,0
5/31/2015,575,596,575,585,0,2670,1556110,0
6/1/2015,585,605,585,602,0,3575,2121845,0
6/2/2015,602,605,600,605,0,3600,2164650,0
6/3/2015,605,617,600,606,0,900,547000,0
6/4/2015,606,620,603,620,0,1270,768990,0
6/7/2015,620,620,608,611,0,4335,2651520,0
6/8/2015,611,616,615,615,0,2100,1291600,0
6/9/2015,615,627,616,622,0,6895,4278910,0
6/10/2015,622,624,610,616,0,4825,2954630,0
6/14/2015,616,622,615,615,0,2425,1493110,0
6/15/2015,615,623,615,615,0,5320,3273020,0
6/16/2015,615,615,613,615,0,10465,6431645,0
6/17/2015,615,620,615,620,0,3085,1904040,0
6/18/2015,620,620,611,611,0,4075,2493335,0
6/21/2015,611,611,605,608,0,5795,3519760,0
6/22/2015,608,613,605,613,0,3485,2120395,0
6/23/2015,613,615,610,615,0,7300,4474400,0
6/24/2015,615,615,610,615,0,2120,1296370,0
6/25/2015,615,615,611,615,0,2765,1698845,0
6/28/2015,615,622,603,622,0,8640,5332845,0
6/29/2015,622,633,619,624,0,14495,8993430,0
6/30/2015,624,626,620,624,0,4365,2720225,0
7/1/2015,624,623,620,623,0,3120,1936500,0
7/2/2015,623,623,615,620,0,4720,2921100,0
7/5/2015,620,620,610,620,0,5185,3190475,0
7/6/2015,620,621,617,621,0,4765,2950335,0
7/7/2015,621,627,620,627,0,17900,11182550,0
7/8/2015,627,630,620,625,0,1100,684300,0
7/9/2015,625,630,617,620,0,5785,3581020,0
7/12/2015,620,622,617,620,0,3080,1902660,0
7/13/2015,620,621,615,621,0,4695,2891485,0
7/14/2015,621,622,617,622,0,4065,2513285,0
7/15/2015,622,621,618,620,0,1240,767020,0
7/16/2015,620,636,622,636,0,300,188200,0
7/22/2015,636,624,613,615,0,3495,2151325,0
7/23/2015,615,623,615,620,0,5460,3371610,0
7/26/2015,620,630,626,630,0,1380,865400,0
7/27/2015,630,630,610,615,0,1980,1217300,0
7/28/2015,615,618,615,617,0,12370,7628905,0
7/29/2015,617,617,613,616,0,17535,10797240,0
7/30/2015,616,628,615,628,0,10130,6236380,0
8/2/2015,628,616,615,616,0,11435,7032975,0
8/3/2015,616,615,612,613,0,6985,4287790,0
8/4/2015,613,618,605,615,0,7680,4697305,0
8/5/2015,615,620,610,611,0,5220,3209830,0
8/6/2015,611,615,600,615,0,10400,6343895,0
8/9/2015,615,620,620,620,0,100,62000,0
8/13/2015,620,627,615,621,0,1955,1205270,0
8/16/2015,621,655,627,655,0,500,319900,0
8/17/2015,655,680,668,680,0,550,368950,0
8/18/2015,680,683,665,665,0,2585,1728620,0
8/19/2015,665,701,675,701,0,2295,1573855,0
8/20/2015,701,715,715,715,0,50,35750,0
8/23/2015,715,701,690,690,0,600,419500,0
8/24/2015,690,685,680,680,0,600,410500,0
8/25/2015,680,702,688,701,0,560,385990,0
8/26/2015,701,699,668,668,0,1810,1226390,0
8/27/2015,668,660,651,651,0,500,327300,0
8/31/2015,651,640,640,640,0,85,54400,0
9/1/2015,640,640,636,637,0,2950,1878700,0
9/2/2015,637,661,649,661,0,120,78720,0
9/3/2015,661,674,670,670,0,520,348480,0
9/6/2015,670,675,660,675,0,2055,1373930,0
9/7/2015,675,670,660,665,0,2025,1340250,0
9/8/2015,665,660,660,660,0,500,330000,0
9/9/2015,660,656,656,656,0,1000,656000,0
9/10/2015,656,659,646,659,0,760,495300,0
9/13/2015,659,666,646,666,0,1760,1148260,0
9/14/2015,666,680,670,670,0,360,242750,0
9/15/2015,670,664,660,664,0,1370,908200,0
9/16/2015,664,678,652,672,0,1710,1140050,0
9/17/2015,672,675,665,670,0,4090,2742580,0
9/22/2015,670,662,652,662,0,3215,2116105,0
9/23/2015,662,665,665,665,0,500,332500,0
9/24/2015,665,655,652,652,0,1565,1022845,0
9/28/2015,652,650,650,650,0,300,195000,0
9/30/2015,650,655,651,652,0,2060,1342820,0
10/1/2015,652,654,651,654,0,1800,1174700,0
10/4/2015,654,660,655,656,0,530,348000,0
10/5/2015,656,652,650,650,0,2680,1744400,0
10/6/2015,650,650,648,650,0,1195,776550,0
10/7/2015,650,650,643,643,0,6225,4019675,0
10/8/2015,643,655,650,655,0,665,434150,0
10/11/2015,655,645,644,644,0,1500,967350,0
10/14/2015,644,641,640,640,0,1660,1063400,0
10/15/2015,640,650,640,650,0,5350,3450450,0
10/18/2015,650,644,636,641,0,1755,1122110,0
10/19/2015,641,640,638,638,0,700,447100,0
10/27/2015,638,638,629,632,0,1010,641650,0
10/28/2015,632,626,620,622,0,1180,733300,0
10/29/2015,622,635,625,635,0,1350,847050,0
11/1/2015,635,640,630,640,0,2110,1331300,0
11/2/2015,640,650,650,650,0,5005,3253250,0
11/3/2015,650,650,641,650,0,2905,1873030,0
11/4/2015,650,650,640,650,0,2375,1536260,0
11/5/2015,650,655,650,655,0,520,339140,0
11/8/2015,655,664,645,653,0,3110,2026230,0
11/9/2015,653,655,650,652,0,1095,714850,0
11/10/2015,652,652,641,647,0,2110,1364070,0
11/15/2015,647,636,636,636,0,930,591480,0
11/16/2015,636,655,645,645,0,2605,1690375,0
11/18/2015,645,650,640,646,0,2035,1313190,0
11/19/2015,646,646,644,644,0,210,135640,0
11/22/2015,644,642,640,642,0,1000,641000,0
11/23/2015,642,689,642,689,0,11960,7722710,0
11/24/2015,689,676,645,646,0,1425,920315,0
11/25/2015,646,645,645,645,0,100,64500,0
11/26/2015,645,645,641,645,0,200,128600,0
11/29/2015,645,645,640,644,0,5320,3424930,0
11/30/2015,644,646,644,646,0,1500,966500,0
12/1/2015,646,650,648,650,0,1510,981300,0
12/2/2015,650,652,640,652,0,2290,1477610,0
12/3/2015,652,655,647,647,0,1370,892870,0
12/6/2015,647,650,647,647,0,2035,1319945,0
12/7/2015,647,650,645,645,0,1455,938975,0
12/8/2015,645,650,646,650,0,960,623560,0
12/9/2015,650,660,660,660,0,15,9900,0
12/10/2015,660,658,645,645,0,2295,1487720,0
12/13/2015,645,650,645,650,0,2270,1465650,0
12/14/2015,650,655,653,655,0,380,248670,0
12/15/2015,655,655,650,655,0,3190,2085450,0
12/16/2015,655,655,651,655,0,3595,2352725,0
12/17/2015,655,660,655,655,0,800,527000,0
12/20/2015,655,653,651,652,0,750,489100,0
12/21/2015,652,663,650,655,0,4050,2664690,0
12/22/2015,655,659,655,657,0,2780,1822800,0
12/23/2015,657,657,655,657,0,500,328000,0
12/24/2015,657,660,656,656,0,1560,1028760,0
12/28/2015,656,660,655,655,0,2965,1947250,0
12/29/2015,655,656,650,655,0,2700,1767890,0
12/31/2015,655,656,655,655,0,820,537520,0
1/3/2016,655,660,656,660,0,4040,2655740,0
1/4/2016,660,660,659,660,0,1320,871000,0
1/5/2016,660,660,651,660,0,2115,1391540,0
1/6/2016,660,678,660,665,0,5135,3399710,0
1/7/2016,665,680,665,680,0,2510,1677480,0
1/10/2016,680,706,692,692,0,330,228585,0
1/11/2016,692,680,680,680,0,200,136000,0
1/12/2016,680,680,671,675,0,7455,5040025,0
1/13/2016,675,680,670,680,0,1050,706800,0
1/14/2016,680,681,670,670,0,2600,1759300,0
1/17/2016,670,680,675,680,0,430,291500,0
1/18/2016,680,685,676,680,0,2635,1791870,0
1/19/2016,680,682,672,680,0,4035,2744720,0
1/20/2016,680,681,668,681,0,1490,1012560,0
1/21/2016,681,685,675,685,0,4285,2907410,0
1/24/2016,685,685,679,685,0,2765,1888940,0
1/25/2016,685,680,680,680,0,310,210800,0
1/26/2016,680,681,679,680,0,4475,3042600,0
1/27/2016,680,680,676,676,0,2500,1696480,0
1/28/2016,676,681,679,680,0,2155,1465200,0
1/31/2016,680,680,675,675,0,7450,5052660,0
2/1/2016,675,680,677,680,0,2850,1937050,0
2/2/2016,680,685,680,684,0,5310,3623750,0
2/3/2016,684,687,680,685,0,1700,1159560,0
2/4/2016,685,691,685,691,0,5690,3917330,0
2/7/2016,691,695,689,695,0,6340,4384610,0
2/8/2016,695,700,690,695,0,19035,13184855,0
2/11/2016,695,700,690,699,0,4290,2974300,0
2/14/2016,699,705,699,703,0,5700,3999230,0
2/15/2016,703,703,692,700,0,5770,4038450,0
2/16/2016,700,700,694,696,0,5505,3850770,0
2/17/2016,696,705,695,705,0,9355,6547445,0
2/18/2016,705,709,700,700,0,12960,9082340,0
2/21/2016,700,705,700,700,0,15340,10756500,0
2/22/2016,700,702,701,701,0,860,603010,0
2/23/2016,701,705,700,700,0,18540,13002975,0
2/24/2016,700,702,699,702,0,15315,10742400,0
2/25/2016,702,705,694,705,0,1305,917175,0
2/28/2016,705,705,701,704,0,7520,5293060,0
2/29/2016,704,703,700,701,0,10375,7282415,0
3/1/2016,701,705,687,702,0,4095,2865085,0
3/2/2016,702,705,701,705,0,5764,4052266,0
3/3/2016,705,705,701,705,0,1360,958600,0
3/6/2016,705,703,700,702,0,7990,5599990,0
3/10/2016,702,705,700,700,0,1690,1184980,0
3/13/2016,700,702,700,700,0,4010,2811010,0
3/14/2016,700,701,698,701,0,4355,3046730,0
3/15/2016,701,702,696,700,0,8360,5854430,0
3/16/2016,700,702,700,700,0,3920,2744450,0
3/17/2016,700,702,700,702,0,33535,23475900,0
3/20/2016,702,705,703,703,0,610,428850,0
3/21/2016,703,703,695,695,0,1650,1155150,0
3/23/2016,695,700,693,695,0,2585,1795565,0
3/24/2016,695,715,700,715,0,5795,4080445,0
3/27/2016,715,720,705,710,0,1645,1163575,0
3/28/2016,710,702,700,700,0,1790,1253400,0
3/29/2016,700,701,690,700,0,4700,3273800,0
3/30/2016,700,700,697,700,0,2350,1643600,0
3/31/2016,700,700,692,696,0,3165,2197605,0
4/3/2016,696,691,691,691,0,100,69100,0
4/4/2016,691,701,692,701,0,3575,2491890,0
4/5/2016,701,710,700,710,0,14095,9931870,0
4/6/2016,710,710,701,709,0,14710,10381565,0
4/10/2016,709,711,705,710,0,6775,4804085,0
4/11/2016,710,719,710,712,0,7600,5412830,0
4/12/2016,712,716,710,715,0,10280,7321925,0
4/14/2016,715,723,714,715,0,55060,39391368,0
4/17/2016,715,701,665,666,0,1870,1257830,0
4/18/2016,666,665,652,655,0,2100,1379730,0
4/19/2016,655,670,660,660,0,1340,895160,0
4/20/2016,660,668,655,666,0,2300,1527560,0
4/21/2016,666,663,650,655,0,1805,1179960,0
4/24/2016,655,660,660,660,0,860,567600,0
4/25/2016,660,660,650,659,0,3170,2080030,0
4/26/2016,659,665,654,654,0,4900,3227775,0
4/27/2016,654,660,653,654,0,6310,4140090,0
4/28/2016,654,655,652,654,0,500,327100,0
5/3/2016,654,655,650,653,0,1980,1293040,0
5/4/2016,653,659,650,651,0,990,645710,0
5/5/2016,651,660,651,651,0,3195,2089080,0
5/8/2016,651,660,645,655,0,2510,1644210,0
5/9/2016,655,665,655,665,0,6610,4350405,0
5/10/2016,665,665,650,665,0,11425,7515665,0
5/11/2016,665,666,653,653,0,600,393100,0
5/12/2016,653,660,655,656,0,4445,2923790,0
5/15/2016,656,670,660,670,0,2810,1874200,0
5/16/2016,670,657,655,657,0,2120,1389820,0
5/17/2016,657,670,658,661,0,3536,2343428,0
5/18/2016,661,670,660,660,0,6370,4211280,0
5/19/2016,660,665,660,660,0,1850,1227600,0
5/22/2016,660,665,652,660,0,7200,4743650,0
5/23/2016,660,664,655,658,0,1420,936330,0
5/24/2016,658,660,654,655,0,4570,2994450,0
5/25/2016,655,655,650,652,0,3130,2040850,0
5/26/2016,652,655,650,651,0,71400,46553800,0
5/29/2016,651,655,640,651,0,2560,1659900,0
5/30/2016,651,659,652,659,0,3450,2254670,0
5/31/2016,659,661,654,661,0,5720,3766560,0
6/1/2016,661,662,650,660,0,13785,8969350,0
6/2/2016,660,670,648,662,0,6595,4377910,0
6/5/2016,662,660,650,658,0,2365,1554975,0
6/6/2016,658,662,656,660,0,6870,4533905,0
6/7/2016,660,665,660,665,0,13800,9160640,0
6/8/2016,665,670,652,665,0,9236,6139852,0
6/9/2016,665,672,665,669,0,8680,5806010,0
6/12/2016,669,670,664,670,0,13785,9186800,0
6/13/2016,670,671,660,668,0,4850,3218985,0
6/14/2016,668,666,656,665,0,5515,3651965,0
6/15/2016,665,670,660,667,0,10775,7162750,0
6/16/2016,667,683,654,667,0,8105,5430915,0
6/19/2016,667,678,665,675,0,10100,6754360,0
6/20/2016,675,677,670,675,0,12660,8535690,0
6/21/2016,675,680,674,679,0,9565,6466415,0
6/22/2016,679,680,673,673,0,8600,5805430,0
6/23/2016,673,675,667,674,0,6765,4547210,0
6/26/2016,674,680,671,674,0,11130,7507020,0
6/27/2016,674,675,667,675,0,10390,6967770,0
6/28/2016,675,679,672,679,0,4770,3224250,0
6/29/2016,679,682,676,681,0,12385,8418455,0
6/30/2016,681,686,680,684,0,14810,10126150,0
7/3/2016,684,695,688,688,0,6145,4249190,0
7/4/2016,688,690,680,686,0,7820,5354850,0
7/5/2016,686,695,676,691,0,7326,5051901,0
7/6/2016,691,695,692,692,0,1260,875160,0
7/10/2016,692,695,685,692,0,3885,2682005,0
7/11/2016,692,692,659,659,0,1382,940840,0
7/12/2016,659,695,672,676,0,4900,3388580,0
7/13/2016,676,685,675,678,0,4470,3036650,0
7/14/2016,678,689,673,689,0,5125,3486120,0
7/17/2016,689,689,676,689,0,5255,3586150,0
7/18/2016,689,691,680,690,0,8724,5986929,0
7/19/2016,690,689,677,689,0,9815,6709765,0
7/20/2016,689,690,685,689,0,9585,6589950,0
7/21/2016,689,690,685,689,0,3100,2132140,0
7/25/2016,689,689,680,686,0,3680,2523150,0
7/26/2016,686,690,685,687,0,12230,8394370,0
7/27/2016,687,690,680,682,0,7945,5440650,0
7/28/2016,682,695,682,683,0,5095,3484750,0
7/31/2016,683,687,682,687,0,6365,4353875,0
8/1/2016,687,688,680,682,0,7385,5059400,0
8/2/2016,682,685,680,683,0,8105,5526450,0
8/3/2016,683,685,677,680,0,4391,2988069,0
8/4/2016,680,680,671,674,0,2055,1391600,0
8/7/2016,674,695,670,695,0,6275,4240275,0
8/8/2016,695,682,671,672,0,300,202210,0
8/10/2016,672,680,660,680,0,5570,3757000,0
8/11/2016,680,690,670,680,0,8905,6032855,0
8/14/2016,680,678,671,675,0,5948,4007303,0
8/15/2016,675,685,673,676,0,6855,4641305,0
8/16/2016,676,680,675,680,0,13015,8826690,0
8/17/2016,680,686,676,684,0,5755,3926095,0
8/21/2016,684,685,682,685,0,1880,1284500,0
8/22/2016,685,695,663,672,0,2000,1347710,0
8/23/2016,672,685,671,671,0,4950,3348400,0
8/24/2016,671,682,670,675,0,4660,3153250,0
8/28/2016,675,688,675,680,0,2240,1514660,0
8/29/2016,680,688,677,685,0,8990,6146385,0
8/30/2016,685,690,685,686,0,13735,9452485,0
8/31/2016,686,700,687,695,0,7390,5130360,0
9/1/2016,695,698,690,691,0,6255,4339690,0
9/3/2016,691,695,690,691,0,8330,5759055,0
9/4/2016,691,695,690,691,0,8330,5759055,0
9/5/2016,691,701,690,700,0,13260,9271920,0
9/6/2016,700,702,692,700,0,14350,10042840,0
9/7/2016,700,700,695,700,0,1210,843810,0
9/8/2016,700,700,687,689,0,4070,2807840,0
9/11/2016,689,701,686,698,0,26592,18542740,0
9/12/2016,698,700,690,700,0,8230,5746925,0
9/14/2016,700,695,686,688,0,9160,6341240,0
9/18/2016,688,700,685,699,0,10931,7594600,0
9/20/2016,699,701,691,691,0,5620,3917535,0
9/21/2016,691,699,686,690,0,11190,7790200,0
9/22/2016,690,704,696,696,0,4660,3260460,0
9/25/2016,696,699,686,687,0,2660,1836215,0
9/26/2016,687,696,687,696,0,2215,1530915,0
9/27/2016,696,690,685,690,0,4215,2901720,0
9/28/2016,690,690,688,690,0,400,275800,0
9/29/2016,690,690,686,690,0,1475,1015870,0
10/2/2016,690,690,685,690,0,4040,2778300,0
10/3/2016,690,690,686,690,0,2010,1386060,0
10/4/2016,690,692,680,687,0,1900,1307650,0
10/5/2016,687,690,686,690,0,1600,1103070,0
10/6/2016,690,703,692,700,0,5535,3880785,0
10/16/2016,700,696,687,687,0,850,589250,0
10/17/2016,687,690,685,688,0,2010,1381270,0
10/18/2016,688,700,688,700,0,4915,3384490,0
10/19/2016,700,693,687,693,0,3010,2076510,0
10/20/2016,693,694,686,694,0,1075,738710,0
10/23/2016,694,683,681,682,0,2785,1900245,0
10/24/2016,682,689,675,680,0,4380,2970820,0
10/25/2016,680,682,681,682,0,680,463280,0
10/26/2016,682,690,680,690,0,3250,2232150,0
10/27/2016,690,690,690,690,0,350,241500,0
11/3/2016,690,690,677,680,0,5110,3475660,0
11/7/2016,680,681,680,681,0,160,108830,0
11/8/2016,681,690,676,677,0,1310,890720,0
11/9/2016,677,675,670,670,0,1720,1154435,0
11/10/2016,670,676,671,675,0,4550,3072820,0
11/13/2016,675,680,675,679,0,550,372900,0
11/14/2016,679,684,670,676,0,2655,1798120,0
11/15/2016,676,693,676,685,0,3534,2414632,0
11/16/2016,685,689,681,685,0,1000,686360,0
11/17/2016,685,680,676,676,0,700,473600,0
11/20/2016,676,675,662,675,0,14530,9742410,0
11/21/2016,675,697,675,697,0,3970,2698670,0
11/22/2016,697,685,674,685,0,3585,2444000,0
11/23/2016,685,684,670,671,0,8260,5597110,0
11/24/2016,671,689,675,689,0,5100,3488830,0
11/27/2016,689,689,665,675,0,4035,2721160,0
11/28/2016,675,685,670,685,0,18430,12401915,0
11/29/2016,685,699,672,685,0,1575,1071945,0
11/30/2016,685,690,685,689,0,6390,4406450,0
12/1/2016,689,700,680,690,0,11460,7945050,0
12/4/2016,690,685,680,680,0,1335,909330,0
12/5/2016,680,683,680,680,0,3520,2394900,0
12/6/2016,680,682,680,680,0,830,564710,0
12/7/2016,680,682,679,682,0,2200,1496000,0
12/8/2016,682,682,677,680,0,700,475900,0
12/11/2016,680,680,677,677,0,1825,1238370,0
12/12/2016,677,680,673,680,0,7700,5215250,0
12/14/2016,680,685,680,681,0,1135,775865,0
12/15/2016,681,683,675,679,0,3605,2452995,0
12/18/2016,679,685,680,685,0,3755,2558860,0
12/19/2016,685,685,677,680,0,3925,2667320,0
12/20/2016,680,685,670,685,0,5240,3549250,0
12/21/2016,685,683,673,682,0,9305,6338465,0
12/22/2016,682,724,685,705,0,57430,40085784,0
12/26/2016,705,700,691,692,0,13045,9068575,0
12/27/2016,692,693,687,690,0,15300,10515990,0
12/28/2016,690,695,687,690,0,6490,4488010,0
12/29/2016,690,690,685,690,0,58295,39989624,0
1/1/2017,690,700,689,698,0,136420,94204608,0
1/2/2017,698,714,697,700,0,15380,10765580,0
1/3/2017,700,700,698,700,0,17405,12180560,0
1/4/2017,700,700,687,699,0,7960,5536610,0
1/5/2017,699,700,695,700,0,19050,13257900,0
1/8/2017,700,699,692,696,0,14885,10333025,0
1/9/2017,696,698,694,698,0,8260,5745830,0
1/10/2017,698,724,695,695,0,3725,2615135,0
1/11/2017,695,696,694,695,0,9135,6348635,0
1/12/2017,695,697,690,695,0,5215,3612955,0
1/15/2017,695,700,690,694,0,2680,1853540,0
1/16/2017,694,695,692,695,0,1110,770850,0
1/17/2017,695,695,691,692,0,2920,2022050,0
1/18/2017,692,697,690,690,0,17390,12019120,0
1/19/2017,690,695,691,692,0,2315,1604685,0
1/22/2017,692,695,695,695,0,600,417000,0
1/23/2017,695,695,690,690,0,14100,9761450,0
1/24/2017,690,692,681,683,0,9275,6342800,0
1/25/2017,683,685,680,685,0,11785,8050425,0
1/26/2017,685,682,672,677,0,13680,9249545,0
1/30/2017,677,671,662,663,0,20790,13860110,0
1/31/2017,663,665,650,660,0,38520,25142300,0
2/1/2017,660,681,655,680,0,94151,61751504,0
2/2/2017,680,680,670,670,0,3370,2266350,0
2/5/2017,670,671,661,661,0,3630,2408330,0
2/6/2017,661,665,660,665,0,1640,1089380,0
2/7/2017,665,670,660,670,0,29955,19792760,0
2/8/2017,670,665,660,660,0,2110,1396240,0
2/9/2017,660,673,660,660,0,3540,2349200,0
2/12/2017,660,670,651,655,0,6355,4154350,0
2/13/2017,655,670,641,670,0,6080,3959380,0
2/14/2017,670,669,650,667,0,5288,3459471,0
2/15/2017,667,670,658,669,0,4850,3206000,0
2/16/2017,669,670,660,660,0,4520,3000740,0
2/19/2017,660,690,665,689,0,15275,10389600,0
2/20/2017,689,698,680,682,0,16435,11230250,0
2/21/2017,682,693,675,681,0,24395,16574895,0
2/22/2017,681,681,675,675,0,31035,20962596,0
2/23/2017,675,685,678,678,0,13085,8927775,0
2/26/2017,678,665,627,634,0,2940,1858150,0
2/28/2017,634,630,622,629,0,460,287730,0
3/1/2017,629,633,630,633,0,970,611160,0
3/2/2017,633,630,621,627,0,1940,1213550,0
3/5/2017,627,634,624,624,0,740,463960,0
3/6/2017,624,630,620,630,0,1540,956100,0
3/7/2017,630,628,624,628,0,350,219000,0
3/9/2017,628,630,624,624,0,180,112740,0
3/13/2017,624,630,620,620,0,600,373000,0
3/14/2017,620,631,620,620,0,7820,4899140,0
3/15/2017,620,625,620,625,0,3945,2446600,0
3/16/2017,625,635,625,625,0,1030,650530,0
3/19/2017,625,635,625,635,0,3025,1903460,0
3/20/2017,635,637,630,635,0,2020,1277870,0
3/21/2017,635,635,625,635,0,2930,1851625,0
3/22/2017,635,635,618,635,0,2320,1464270,0
3/23/2017,635,635,628,630,0,4100,2589260,0
3/26/2017,630,637,630,633,0,3370,2132360,0
3/28/2017,633,643,625,634,0,6415,4035575,0
3/29/2017,634,665,632,635,0,16575,10565350,0
3/30/2017,635,645,633,640,0,3150,2010900,0
4/2/2017,640,650,637,641,0,2670,1709700,0
4/3/2017,641,653,628,640,0,5785,3686960,0
4/4/2017,640,642,630,635,0,5345,3398105,0
4/6/2017,635,639,632,639,0,13740,8714130,0
4/9/2017,639,648,635,639,0,6920,4417125,0
4/10/2017,639,640,633,635,0,11525,7327535,0
4/11/2017,635,645,635,636,0,5970,3800320,0
4/12/2017,636,649,636,649,0,2935,1886410,0
4/13/2017,649,645,637,645,0,3845,2463805,0
4/16/2017,645,645,638,640,0,1605,1025740,0
4/18/2017,640,639,628,639,0,2700,1699630,0
4/19/2017,639,636,630,635,0,4265,2701600,0
4/20/2017,635,639,630,639,0,7000,4444530,0
4/23/2017,639,663,627,647,0,3445,2193730,0
4/24/2017,647,639,635,639,0,5440,3462200,0
4/25/2017,639,639,635,639,0,4590,2919970,0
4/26/2017,639,645,639,643,0,21490,13752840,0
4/27/2017,643,649,637,638,0,4650,2969955,0
4/30/2017,638,640,635,639,0,1102,701528,0
5/2/2017,639,641,638,639,0,16915,10816970,0
5/3/2017,639,644,640,644,0,18370,11770905,0
5/4/2017,644,645,635,641,0,8200,5251825,0
5/7/2017,641,642,638,642,0,9625,6160950,0
5/8/2017,642,643,640,641,0,5485,3511570,0
5/9/2017,641,646,641,642,0,5130,3295020,0
5/11/2017,642,660,641,660,0,10690,6890485,0
5/15/2017,660,651,646,650,0,5705,3703810,0
5/16/2017,650,650,645,650,0,4200,2719375,0
5/17/2017,650,655,646,650,0,2315,1503845,0
5/18/2017,650,650,645,650,0,9270,6006000,0
5/21/2017,650,653,646,653,0,8371,5438542,0
5/22/2017,653,653,643,653,0,2420,1570580,0
5/23/2017,653,655,650,655,0,8390,5482490,0
5/24/2017,655,660,653,656,0,15635,10250855,0
5/28/2017,656,687,654,687,0,15065,9970890,0
5/30/2017,687,683,658,658,0,5882,3886320,0
5/31/2017,658,667,635,667,0,15125,9957630,0
6/1/2017,667,670,658,658,0,6630,4400405,0
6/4/2017,658,669,656,659,0,12245,8136335,0
6/5/2017,659,669,661,663,0,20910,13908575,0
6/6/2017,663,685,663,679,0,17085,11496000,0
6/7/2017,679,692,675,680,0,3060,2076760,0
6/8/2017,680,678,671,675,0,1930,1300640,0
6/11/2017,675,674,662,662,0,5410,3607080,0
6/12/2017,662,670,660,660,0,4240,2811990,0
6/13/2017,660,670,665,670,0,4200,2805775,0
6/14/2017,670,670,664,664,0,3575,2385880,0
6/15/2017,664,668,660,660,0,6660,4415170,0
6/18/2017,660,665,658,660,0,2590,1711980,0
6/19/2017,660,662,656,660,0,10780,7108210,0
6/20/2017,660,666,662,666,0,4900,3248310,0
6/21/2017,666,663,659,662,0,7925,5233345,0
6/22/2017,662,664,660,663,0,3840,2542240,0
6/25/2017,663,664,662,662,0,5410,3583540,0
6/27/2017,662,663,650,663,0,11890,7867630,0
6/28/2017,663,664,660,662,0,4965,3287080,0
7/2/2017,662,665,660,665,0,38965,25772730,0
7/3/2017,665,665,661,662,0,27130,17961070,0
7/4/2017,662,663,660,662,0,4440,2939360,0
7/5/2017,662,663,660,663,0,4675,3089475,0
7/6/2017,663,664,661,664,0,3960,2626290,0
7/9/2017,664,670,662,664,0,9335,6198420,0
7/10/2017,664,664,660,660,0,17720,11708455,0
7/11/2017,660,665,662,662,0,1280,847650,0
7/12/2017,662,664,661,664,0,1830,1212560,0
7/13/2017,664,677,660,675,0,13530,8978015,0
7/16/2017,675,670,662,670,0,380,253160,0
7/17/2017,670,670,660,670,0,1430,952250,0
7/18/2017,670,670,664,668,0,6560,4363920,0
7/19/2017,668,668,660,668,0,6080,4049430,0
7/20/2017,668,672,665,670,0,7010,4694710,0
7/23/2017,670,679,666,671,0,4105,2761785,0
7/24/2017,671,677,666,671,0,7950,5339540,0
7/25/2017,671,672,668,668,0,2335,1563895,0
7/26/2017,668,670,666,669,0,4320,2886740,0
7/27/2017,669,670,665,669,0,8825,5883020,0
7/30/2017,669,670,667,670,0,3600,2410620,0
7/31/2017,670,674,670,674,0,5130,3447850,0
8/1/2017,674,688,675,685,0,11865,8109195,0
8/2/2017,685,685,683,685,0,4245,2905525,0
8/3/2017,685,691,685,688,0,4255,2926150,0
8/6/2017,688,697,685,694,0,8749,6049257,0
8/7/2017,694,712,690,712,0,23960,16814850,0
8/9/2017,712,712,707,711,0,21960,15590070,0
8/10/2017,711,710,705,706,0,6480,4585020,0
8/13/2017,706,712,700,703,0,6165,4360010,0
8/15/2017,703,708,697,699,0,7005,4911330,0
8/16/2017,699,708,699,702,0,4625,3240735,0
8/17/2017,702,700,695,699,0,6640,4633390,0
8/20/2017,699,703,697,697,0,3710,2595160,0
8/21/2017,697,700,697,697,0,250,174700,0
8/22/2017,697,710,697,705,0,4865,3418085,0
8/23/2017,705,710,704,708,0,10475,7392295,0
8/24/2017,708,709,706,709,0,2900,2052700,0
8/27/2017,709,710,705,705,0,1075,761160,0
8/28/2017,705,708,702,702,0,3440,2420430,0
8/30/2017,702,710,697,705,0,4200,2944395,0
8/31/2017,705,706,700,705,0,5555,3904815,0
9/4/2017,705,705,695,700,0,4275,2990675,0
9/6/2017,700,710,700,708,0,7159,5055899,0
9/7/2017,708,711,705,706,0,7188,5083582,0
9/10/2017,706,709,700,702,0,9735,6837025,0
9/11/2017,702,709,700,704,0,5895,4130980,0
9/12/2017,704,709,701,709,0,8020,5634790,0
9/13/2017,709,710,702,702,0,6400,4512560,0
9/14/2017,702,712,691,712,0,6320,4443010,0
9/17/2017,712,719,702,708,0,5005,3537090,0
9/18/2017,708,712,705,706,0,1730,1221220,0
9/20/2017,706,710,704,710,0,3235,2285350,0
9/24/2017,710,713,708,710,0,5370,3811870,0
9/25/2017,710,715,709,712,0,1260,894350,0
9/26/2017,712,715,710,715,0,1570,1116400,0
10/3/2017,715,718,711,718,0,2180,1553001,0
10/4/2017,718,724,715,724,0,2965,2128265,0
10/8/2017,724,720,710,718,0,7775,5562240,0
10/9/2017,718,725,717,725,0,5855,4217440,0
10/10/2017,725,735,721,735,0,6740,4907300,0
10/11/2017,735,765,735,746,0,7845,5862770,0
10/12/2017,746,790,750,780,0,46090,35098168,0
10/15/2017,780,785,775,780,0,13400,10470625,0
10/16/2017,780,783,770,779,0,14485,11255700,0
10/17/2017,779,785,775,780,0,22395,17474676,0
10/18/2017,780,795,778,790,0,17610,13827900,0
10/22/2017,790,815,794,802,0,10060,8069720,0
10/23/2017,802,820,797,820,0,41780,33502900,0
10/24/2017,820,876,830,865,0,106758,91357224,0
10/25/2017,865,867,838,842,0,74095,62683564,0
10/29/2017,842,843,826,840,0,36075,30153380,0
10/30/2017,840,836,830,836,0,16520,13773130,0
10/31/2017,836,840,826,840,0,17003,14169600,0
11/1/2017,840,842,825,834,0,11822,9804308,0
11/2/2017,834,830,819,827,0,13210,10898270,0
11/5/2017,827,830,800,817,0,33250,27173542,0
11/6/2017,817,820,801,820,0,23240,18905960,0
11/7/2017,820,822,816,817,0,19050,15582153,0
11/8/2017,817,815,806,815,0,15870,12891735,0
11/9/2017,815,820,807,814,0,4120,3336480,0
11/12/2017,814,820,800,820,0,5750,4673920,0
11/13/2017,820,856,820,840,0,25598,21249296,0
11/14/2017,840,853,840,846,0,32070,27181430,0
11/15/2017,846,862,838,853,0,37362,31739620,0
11/16/2017,853,870,841,850,0,10575,9009255,0
11/19/2017,850,845,840,843,0,4894,4123820,0
11/20/2017,843,845,835,845,0,5195,4370155,0
11/21/2017,845,850,835,840,0,3165,2664262,0
11/22/2017,840,850,835,839,0,26181,22000740,0
11/23/2017,839,848,840,844,0,5010,4231580,0
11/26/2017,844,859,849,859,0,14187,12101004,0
11/27/2017,859,875,850,863,0,8670,7497775,0
11/28/2017,863,900,860,900,0,21315,18741656,0
11/29/2017,900,917,888,903,0,71771,65055580,0
11/30/2017,903,920,899,904,0,29111,26314916,0
12/4/2017,904,920,891,899,0,5847,5246636,0
12/5/2017,899,899,882,893,0,10685,9507065,0
12/6/2017,893,902,893,895,0,39965,35911196,0
12/10/2017,895,908,890,900,0,44000,39569324,0
12/11/2017,900,904,886,901,0,18890,16969260,0
12/12/2017,901,910,890,893,0,34826,31242556,0
12/13/2017,893,910,885,905,0,25024,22497464,0
12/14/2017,905,935,900,920,0,16271,14823380,0
12/17/2017,920,930,906,930,0,21125,19281276,0
12/18/2017,930,952,915,940,0,31478,29514014,0
12/19/2017,940,950,900,900,0,87000,79470288,0
12/20/2017,900,920,886,886,0,45630,40937140,0
12/21/2017,886,903,857,860,0,41068,35831704,0
12/24/2017,860,872,840,850,0,30830,26285396,0
12/26/2017,850,867,839,860,0,82110,69226208,0
12/27/2017,860,848,811,839,0,45171,37511304,0
12/28/2017,839,850,837,843,0,122210,103049080,0
12/31/2017,843,827,772,778,0,17490,13666590,0
1/1/2018,778,800,775,775,0,11090,8651785,0
1/2/2018,775,790,770,782,0,19920,15356460,0
1/3/2018,782,786,760,761,0,56085,43021636,0
1/4/2018,761,785,760,778,0,5470,4196820,0
1/7/2018,778,783,770,775,0,3730,2889620,0
1/8/2018,775,816,777,790,0,13390,10579680,0
1/9/2018,790,816,775,800,0,15419,12394205,0
1/10/2018,800,805,790,790,0,5198,4152310,0
1/14/2018,790,805,790,798,0,13680,10813530,0
1/16/2018,798,790,779,784,0,3043,2380412,0
1/17/2018,784,780,772,772,0,607,471184,0
1/21/2018,772,780,757,774,0,5020,3848460,0
1/22/2018,774,790,770,770,0,3875,3008430,0
1/23/2018,770,774,766,768,0,759,582484,0
1/24/2018,768,783,766,775,0,1775,1364360,0
1/25/2018,775,785,771,775,0,2880,2228625,0
1/28/2018,775,778,763,771,0,4700,3603610,0
1/29/2018,771,770,760,769,0,3849,2935354,0
1/31/2018,769,770,760,760,0,980,749400,0
2/1/2018,760,770,760,770,0,4890,3738944,0
2/4/2018,770,785,770,771,0,15710,12157680,0
2/5/2018,771,770,766,768,0,1425,1093000,0
2/6/2018,768,770,765,769,0,7615,5839770,0
2/7/2018,769,765,760,760,0,5670,4316020,0
2/8/2018,760,770,752,770,0,8170,6258660,0
2/11/2018,770,770,757,759,0,3850,2935810,0
2/12/2018,759,769,759,762,0,6940,5276370,0
2/14/2018,762,765,758,761,0,6065,4611610,0
2/15/2018,761,790,760,766,0,5860,4496390,0
2/18/2018,768,768,755,755,-1.44,5695,4334050,-1
2/20/2018,755,769,755,755,0,3265,2477925,0
2/21/2018,762,762,748,750,-0.66,1840,1386770,-1
2/22/2018,750,760,748,757,0.93,3998,3001571,1
2/25/2018,755,765,750,754,-0.4,4225,3175840,-1
2/26/2018,765,765,745,745,-1.19,3975,2980925,-1
2/27/2018,754,760,745,758,1.75,4785,3588435,1
2/28/2018,755,755,735,748,-1.32,6200,4616910,-1
3/4/2018,735,745,721,739,-1.2,12975,9419285,-1
3/5/2018,753,753,725,728,-1.49,9990,7270150,-1
3/6/2018,742,742,712,725,-0.41,10525,7594660,-1
3/7/2018,739,739,720,730,0.69,2790,2034510,1
3/11/2018,720,730,718,719,-1.51,8830,6358425,-1
3/12/2018,716,730,715,718,-0.14,17160,12342670,-1
3/13/2018,732,732,721,724,0.84,3470,2509720,1
3/14/2018,728,728,722,728,0.55,3995,2901278,1
3/15/2018,732,773,732,735,0.96,3630,2662510,1
3/18/2018,749,749,726,736,0.14,2575,1885250,1
3/19/2018,748,748,726,736,0,1780,1301530,0
3/20/2018,749,749,726,735,-0.14,1600,1166810,-1
3/21/2018,748,748,716,728,-0.95,4200,3035170,-1
3/22/2018,718,720,710,720,-1.1,10637,7611325,-1
3/26/2018,710,718,691,700,-2.78,11600,8113680,-1
3/27/2018,714,728,687,701,0.14,7105,4978725,1
3/28/2018,715,715,692,707,0.86,4705,3288695,1
3/29/2018,716,716,702,704,-0.42,2125,1502065,-1
4/1/2018,718,718,690,703,-0.14,11639,8127265,-1
4/2/2018,710,710,699,701,-0.28,6765,4735815,-1
4/3/2018,714,714,700,707,0.86,1455,1024225,1
4/4/2018,719,719,705,715,1.13,6065,4312668,1
4/5/2018,720,723,711,720,0.7,3495,2498135,1
4/8/2018,734,734,711,730,1.39,9978,7201987,1
4/9/2018,744,744,721,735,0.68,12455,9116940,1
4/10/2018,744,744,715,733,-0.27,4195,3057315,-1
4/11/2018,747,747,724,728,-0.68,340,249160,-1
4/12/2018,730,733,720,733,0.69,3835,2770887,1
4/15/2018,735,740,726,738,0.68,650,475120,1
4/16/2018,744,744,730,735,-0.41,2460,1799090,-1
4/17/2018,735,765,727,750,2.04,10425,7727315,1
4/18/2018,760,775,750,750,0,7990,6063650,0
4/19/2018,765,809,751,792,5.6,22360,17195140,1
4/22/2018,807,818,786,800,1.01,4830,3870180,1
4/23/2018,815,815,772,785,-1.88,15100,11888430,-1
4/24/2018,785,797,780,780,-0.64,3005,2362150,-1
4/25/2018,785,799,779,785,0.64,12400,9692380,1
4/26/2018,770,794,765,770,-1.91,7260,5609360,-1
4/29/2018,785,785,756,760,-1.3,5500,4192910,-1
5/2/2018,775,790,762,774,1.84,3270,2510190,1
5/3/2018,780,780,770,775,0.13,6230,4812096,1
5/6/2018,770,777,765,766,-1.16,2060,1583320,-1
5/7/2018,780,779,763,768,0.26,4710,3631000,1
5/8/2018,770,770,765,765,-0.39,5645,4327835,-1
5/9/2018,768,769,762,767,0.26,1740,1331680,1
5/10/2018,765,766,759,759,-1.04,2835,2157680,-1
5/14/2018,774,770,760,762,0.4,8815,6711460,1
5/15/2018,770,770,755,762,0,1410,1066340,0
5/16/2018,761,770,761,770,1.05,10853,8293095,1
5/17/2018,785,790,765,766,-0.52,8152,6252615,-1
5/20/2018,760,779,760,767,0.13,3075,2368955,1
5/21/2018,765,766,760,765,-0.26,2685,2045320,-1
5/22/2018,755,770,753,760,-0.65,5810,4430290,-1
5/23/2018,775,770,755,765,0.66,1782,1348593,1
5/24/2018,760,764,760,760,-0.65,3590,2728840,-1
5/27/2018,765,765,741,743,-2.24,3650,2722386,-1
5/28/2018,749,769,749,760,2.29,2288,1722892,1
5/29/2018,775,775,752,760,0,7013,5308585,0
5/30/2018,770,770,755,758,-0.26,1810,1371870,-1
5/31/2018,765,765,737,756,-0.26,38180,28243256,-1
6/3/2018,741,753,727,737,-2.51,12780,9382278,-1
6/4/2018,724,771,723,771,4.61,4099,2984159,1
6/6/2018,756,759,736,759,-1.56,2520,1884130,-1
6/7/2018,750,750,740,741,-2.37,2130,1578940,-1
6/10/2018,734,745,732,735,-0.81,24480,18016550,-1
6/11/2018,735,745,730,738,0.41,12470,9145410,1
6/12/2018,735,740,729,734,-0.54,17845,13066550,-1
6/13/2018,730,735,727,730,-0.55,10440,7626360,-1
6/14/2018,740,740,728,734,0.55,10890,7949820,1
6/17/2018,730,730,725,725,-1.23,1287,936135,-1
6/18/2018,728,730,725,730,0.69,1335,970735,1
6/19/2018,725,735,725,730,0,4895,3551560,0
6/20/2018,723,723,722,722,-1.1,495,357420,-1
6/21/2018,724,730,720,730,1.11,1825,1317255,1
6/24/2018,727,727,726,726,-0.55,210,152520,-1
6/25/2018,727,727,724,725,-0.14,1428,1035730,-1
6/26/2018,720,726,720,721,-0.55,3310,2391560,-1
6/27/2018,725,728,715,725,0.55,1300,936310,1
6/28/2018,723,725,720,723,-0.28,15050,10856330,-1
7/1/2018,715,729,715,720,-0.41,8505,6115160,-1
7/2/2018,720,722,719,719,-0.14,3400,2449860,-1
7/3/2018,720,722,712,717,-0.28,7796,5600129,-1
7/4/2018,713,722,713,722,0.7,1450,1043400,1
7/5/2018,725,730,720,728,0.83,6925,5022250,1
7/8/2018,730,730,725,730,0.27,6032,4383286,1
7/9/2018,728,728,728,728,-0.27,3765,2740920,-1
7/10/2018,730,730,710,724,-0.55,16365,11685190,-1
7/11/2018,728,728,714,725,0.14,67100,47955792,1
7/12/2018,725,725,720,724,-0.14,10645,7674106,-1
7/15/2018,724,726,718,726,0.28,620,446020,1
7/16/2018,724,724,721,721,-0.69,450,324590,-1
7/17/2018,715,730,711,730,1.25,910,651520,1
7/18/2018,725,730,719,727,-0.41,3890,2808040,-1
7/19/2018,730,727,723,727,0,1020,740630,0
7/22/2018,720,722,719,719,-1.1,2010,1447170,-1
7/23/2018,733,733,718,723,0.56,1590,1148295,1
7/24/2018,720,728,720,726,0.41,23635,17107996,1
7/25/2018,724,727,721,727,0.14,5132,3717973,1
7/26/2018,741,741,721,727,0,4604,3333104,0
7/29/2018,730,730,724,730,0.41,4210,3050420,1
7/30/2018,730,740,730,730,0,1580,1153850,0
7/31/2018,730,730,722,730,0,1815,1317270,0
8/1/2018,723,728,716,722,-1.1,1520,1094204,-1
8/2/2018,734,734,717,720,-0.28,1710,1231400,-1
8/5/2018,720,729,720,729,1.25,1865,1346155,1
8/6/2018,724,724,721,724,-0.69,210,151740,-1
8/7/2018,724,725,724,724,0,3120,2258890,0
8/8/2018,725,727,724,727,0.41,3030,2195995,1
8/9/2018,725,726,723,726,-0.14,7355,5330025,-1
8/12/2018,720,725,715,721,-0.69,3200,2300020,-1
8/13/2018,721,738,721,730,1.25,2178,1581522,1
8/14/2018,726,732,724,726,-0.55,1890,1371940,-1
8/15/2018,729,740,728,740,1.93,2008,1465272,1
8/16/2018,754,750,727,738,-0.27,4770,3507070,-1
8/19/2018,730,738,725,736,-0.27,1450,1053220,-1
8/20/2018,725,734,725,731,-0.68,6220,4518580,-1
8/21/2018,730,733,725,733,0.27,3628,2641324,1
8/22/2018,742,742,723,730,-0.41,3710,2692520,-1
8/23/2018,727,732,725,732,0.27,5430,3953555,1
8/26/2018,734,734,734,734,0.27,10,7340,1
8/28/2018,728,732,723,730,-0.55,2990,2169135,-1
8/29/2018,722,734,722,727,-0.41,1625,1177630,-1
8/30/2018,722,734,722,734,0.96,5420,3929380,1
9/2/2018,724,732,724,732,-0.27,665,482380,-1
9/3/2018,732,734,725,730,-0.27,4880,3567615,-1
9/4/2018,730,734,726,733,0.41,2905,2119650,1
9/5/2018,732,740,730,738,0.68,4570,3348435,1
9/6/2018,740,760,734,760,2.98,15900,11760105,1
9/9/2018,745,755,742,751,-1.18,5264,3919300,-1
9/10/2018,745,751,742,748,-0.4,1815,1351805,-1
9/11/2018,755,760,748,753,0.67,975,733465,1
9/12/2018,750,767,750,760,0.93,17105,12951285,1
9/13/2018,770,804,761,789,3.82,15480,12125000,1
9/16/2018,800,800,786,786,-0.38,18370,14537185,-1
9/17/2018,773,793,773,787,0.13,11292,8892348,1
9/18/2018,780,789,779,789,0.25,8395,6600250,1
9/20/2018,780,794,780,794,0.63,1100,867050,1
9/23/2018,794,794,781,783,-1.39,7735,6067089,-1
9/25/2018,785,785,781,782,-0.26,10575,8282630,-1
9/26/2018,794,794,776,780,-0.26,6780,5289960,-1
9/27/2018,775,782,775,775,-0.64,2880,2233000,-1
9/30/2018,775,780,769,771,-0.52,7860,6080600,-1
10/1/2018,770,770,761,764,-0.91,5390,4129145,-1
10/2/2018,760,775,758,775,1.44,7530,5732510,1
10/3/2018,763,772,761,763,-1.55,4180,3189460,-1
10/4/2018,748,769,746,762,-0.13,4405,3314835,-1
10/7/2018,765,775,755,767,0.66,12230,9300090,1
10/8/2018,760,785,760,760,-0.91,5900,4576830,-1
10/9/2018,761,781,761,777,2.24,5180,4014270,1
10/10/2018,771,780,771,775,-0.26,8692,6756567,-1
10/11/2018,776,783,770,783,1.03,3825,2966460,1
10/14/2018,785,787,782,787,0.51,3057,2398938,1
10/15/2018,778,784,775,780,-0.89,8958,6974560,-1
10/21/2018,790,789,784,786,0.77,450,353270,1
10/22/2018,777,785,777,785,-0.13,4070,3177960,-1
10/23/2018,775,790,775,781,-0.51,670,524300,-1
10/24/2018,780,790,780,790,1.15,8065,6301925,1
10/25/2018,780,785,780,780,-1.27,9165,7149150,-1
10/28/2018,780,780,771,778,-0.26,6330,4913770,-1
10/29/2018,765,775,765,770,-1.03,5430,4196087,-1
10/30/2018,775,775,771,773,0.39,1090,842470,1
10/31/2018,771,780,770,780,0.91,555,427755,1
11/1/2018,775,777,771,775,-0.64,445,344455,-1
11/4/2018,774,783,771,783,1.03,2395,1850790,1
11/5/2018,778,786,778,785,0.26,27449,21371908,1
11/6/2018,785,790,783,782,-0.38,315,247490,-1
11/11/2018,782,797,780,785,0.38,3595,2813050,1
11/12/2018,777,785,775,777,-1.02,415,322255,-1
11/13/2018,770,794,770,785,1.29,1225,961075,1
11/14/2018,783,785,783,783,-0.25,251,196533,-1
11/15/2018,798,798,778,782,-0.13,4902,3822684,-1
11/18/2018,776,776,775,775,-0.9,650,504300,-1
11/19/2018,777,785,775,781,0.77,12909,10062379,1
11/20/2018,775,781,766,771,-1.28,1636,1264120,-1
11/21/2018,772,777,764,777,0.78,2730,2114570,1
11/22/2018,772,783,772,783,0.77,6890,5358300,1
11/25/2018,771,779,770,775,-1.02,2020,1564860,-1
11/26/2018,774,776,770,775,0,15685,12139207,0
11/27/2018,785,785,774,774,-0.13,500,387800,-1
11/28/2018,775,778,770,778,0.52,1365,1053928,1
11/29/2018,773,777,766,777,-0.13,715,551270,-1
12/2/2018,764,777,763,770,-0.9,3005,2320150,-1
12/3/2018,763,773,762,773,0.39,4015,3067975,1
12/4/2018,774,800,768,800,3.49,5505,4247005,1
12/5/2018,781,781,765,767,-4.13,3225,2474345,-1
12/6/2018,765,779,765,769,0.26,1255,962025,1
12/9/2018,769,774,769,774,0.65,1220,940280,1
12/10/2018,779,784,767,774,0,1580,1220260,0
12/11/2018,772,773,772,773,-0.13,270,208490,-1
12/12/2018,770,775,769,775,0.26,1375,1058745,1
12/13/2018,775,775,765,773,-0.26,2165,1668115,-1
12/16/2018,772,780,771,776,0.39,7501,5812990,1
12/17/2018,775,778,772,776,0,3270,2535800,0
12/18/2018,784,786,775,784,1.03,16225,12669520,1
12/19/2018,781,788,780,785,0.13,3070,2402525,1
12/20/2018,800,800,781,784,-0.13,2416,1896773,-1
12/23/2018,799,799,785,795,1.4,9895,7827143,1
12/24/2018,810,810,785,790,-0.63,7901,6230840,-1
12/25/2018,790,790,780,785,-0.63,7800,6108265,-1
12/26/2018,790,792,785,792,0.89,13328,10515076,1
12/27/2018,804,804,790,797,0.63,23618,18746584,1
12/30/2018,758,758,743,743,-6.78,18455,13756150,-1
12/31/2018,741,742,731,734,-1.21,2970,2183970,-1
1/1/2019,740,748,734,734,0,490,361990,0
1/2/2019,743,743,730,730,-0.54,370,271190,-1
1/3/2019,740,740,728,731,0.14,22715,16602355,1
1/6/2019,733,740,729,734,0.41,16775,12267845,1
1/7/2019,748,748,731,731,-0.41,1022,750112,-1
1/8/2019,735,739,726,733,0.27,1400,1018350,1
1/9/2019,739,739,726,730,-0.41,423,310116,-1
1/10/2019,737,737,725,732,0.27,3780,2759580,1
1/13/2019,738,738,728,730,-0.27,1410,1029200,-1
1/14/2019,735,740,725,740,1.37,3253,2376650,1
1/15/2019,740,741,735,736,-0.54,5465,4042090,-1
1/16/2019,735,738,724,724,-1.63,5180,3778905,-1
1/17/2019,730,734,726,733,1.24,1910,1389980,1
1/20/2019,735,735,735,735,0.27,10,7350,1
1/21/2019,740,740,724,726,-1.22,6850,4970400,-1
1/22/2019,735,735,726,729,0.41,4193,3051256,1
1/23/2019,738,738,728,730,0.14,4090,2980140,1
1/24/2019,735,735,728,730,0,3120,2274335,0
1/27/2019,730,730,725,729,-0.14,5155,3744520,-1
1/28/2019,724,728,724,728,-0.14,890,645780,-1
1/29/2019,730,730,728,730,0.27,4487,3269913,1
1/30/2019,722,732,722,730,0,1060,770000,0
1/31/2019,730,730,725,729,-0.14,5905,4295865,-1
2/3/2019,720,729,709,714,-2.06,49871,35528720,-1
2/4/2019,714,729,708,708,-0.84,9436,6708576,-1
2/5/2019,714,714,706,712,0.56,16514,11713284,1
2/6/2019,708,715,706,710,-0.28,7440,5271725,-1
2/7/2019,715,715,705,707,-0.42,3470,2452615,-1
2/10/2019,705,708,701,703,-0.57,7374,5185968,-1
2/11/2019,708,708,700,705,0.28,6490,4551180,1
2/12/2019,719,719,691,700,-0.71,3150,2203030,-1
2/13/2019,713,713,698,698,-0.29,5500,3845170,-1
2/14/2019,694,695,690,695,-0.43,4895,3387280,-1
2/17/2019,700,700,687,687,-1.15,1835,1265050,-1
2/18/2019,690,690,676,676,-1.6,3570,2422156,-1
2/19/2019,689,705,679,688,1.78,1129,776305,1
2/20/2019,697,697,675,688,0,1687,1145419,0
2/21/2019,700,700,684,689,0.15,2190,1502485,1
2/24/2019,685,686,677,678,-1.6,230,156160,-1
2/25/2019,677,690,675,690,1.77,2555,1727845,1
2/26/2019,678,690,677,681,-1.3,5305,3603100,-1
2/27/2019,694,694,681,684,0.44,965,658085,1
3/3/2019,697,697,677,685,0.15,926,632043,1
3/5/2019,689,689,678,680,-0.73,3790,2576430,-1
3/6/2019,675,680,670,680,0,4244,2881530,0
3/7/2019,685,685,678,684,0.59,3968,2700822,1
3/10/2019,684,684,680,682,-0.29,1510,1027820,-1
3/11/2019,674,683,674,678,-0.59,5947,4024136,-1
3/12/2019,685,689,680,683,0.74,3323,2267457,1
3/13/2019,689,689,677,681,-0.29,1950,1324290,-1
3/14/2019,680,689,680,685,0.59,5273,3602122,1
3/17/2019,690,690,679,683,-0.29,1030,702730,-1
3/18/2019,684,684,678,683,0,800,543390,0
3/19/2019,686,686,673,673,-1.46,1730,1167810,-1
3/21/2019,680,680,672,677,0.59,3152,2131940,1
3/24/2019,677,680,674,678,0.15,5025,3394895,1
3/25/2019,680,680,670,674,-0.59,3135,2111789,-1
3/26/2019,687,687,675,680,0.89,4040,2737360,1
3/27/2019,675,684,670,680,0,2255,1520390,0
3/28/2019,685,685,676,685,0.74,2195,1490635,1
3/31/2019,685,688,677,687,0.29,2930,1992700,1
4/1/2019,684,684,677,679,-1.16,2600,1765675,-1
4/2/2019,686,686,677,686,1.03,1525,1036405,1
4/3/2019,681,692,677,684,-0.29,6283,4261422,-1
4/4/2019,680,687,677,685,0.15,2575,1746749,1
4/7/2019,680,685,680,685,0,1700,1158250,0
4/8/2019,697,697,677,680,-0.73,4525,3071000,-1
4/9/2019,677,682,677,678,-0.29,3035,2056948,-1
4/10/2019,675,685,675,685,1.03,3430,2325310,1
4/11/2019,690,690,677,682,-0.44,2855,1943700,-1
4/15/2019,692,692,677,677,-0.73,4320,2927020,-1
4/16/2019,677,682,675,680,0.44,6160,4181990,1
4/17/2019,685,686,678,680,0,3370,2296140,0
4/18/2019,680,684,680,682,0.29,3570,2429550,1
4/21/2019,682,695,680,695,1.91,4417,3020476,1
4/22/2019,698,707,685,690,-0.72,3190,2220970,-1
4/23/2019,680,693,680,690,0,4800,3304920,0
4/24/2019,698,698,690,695,0.72,500,346380,1
4/25/2019,700,704,694,704,1.29,5385,3754845,1
4/28/2019,695,710,695,700,-0.57,3725,2637810,-1
4/29/2019,714,728,700,707,1,860,607130,1
4/30/2019,709,709,696,700,-0.99,1703,1192779,-1
5/2/2019,687,700,687,698,-0.29,1923,1334113,-1
5/5/2019,685,707,685,703,0.72,3195,2237840,1
5/6/2019,700,709,700,700,-0.43,3835,2687470,-1
5/7/2019,712,712,697,704,0.57,5780,4050080,1
5/8/2019,715,715,699,704,0,370,260640,0
5/9/2019,718,718,694,704,0,6640,4624050,0
5/12/2019,695,704,695,701,-0.43,1290,899690,-1
5/13/2019,715,715,695,713,1.71,14140,10033045,1
5/14/2019,740,740,706,717,0.56,14000,9979640,1
5/15/2019,710,731,710,721,0.56,72287,51669728,1
5/16/2019,735,735,715,723,0.28,8708,6282975,1
5/19/2019,735,735,723,729,0.83,24793,18033844,1
5/20/2019,740,750,729,735,0.82,50050,36896972,1
5/21/2019,730,740,729,729,-0.82,25165,18457730,-1
5/22/2019,740,740,730,730,0.14,21400,15662855,1
5/23/2019,730,750,716,740,1.37,32295,23745036,1
5/26/2019,745,745,726,726,-1.89,10202,7472143,-1
5/27/2019,715,732,715,728,0.28,16400,11945250,1
5/28/2019,731,734,716,729,0.14,16840,12262405,1
5/29/2019,728,728,722,728,-0.14,24615,17804520,-1
5/30/2019,730,754,725,731,0.41,30060,21994480,1
6/2/2019,735,735,711,717,-1.92,18937,13548825,-1
6/3/2019,728,728,712,715,-0.28,8659,6181717,-1
6/4/2019,701,715,701,710,-0.7,6820,4839090,-1
6/6/2019,745,745,680,713,0.42,8335,5851650,1
6/10/2019,678,718,678,705,-1.12,23548,16435027,-1
6/11/2019,695,704,695,700,-0.71,2790,1950480,-1
6/12/2019,707,707,696,703,0.43,6920,4842775,1
6/13/2019,710,710,692,700,-0.43,1355,946330,-1
6/16/2019,700,700,690,694,-0.86,5190,3599245,-1
6/17/2019,690,699,690,695,0.14,4570,3171015,1
6/18/2019,700,700,690,690,-0.72,9952,6884660,-1
6/19/2019,700,700,690,694,0.58,1665,1153210,1
6/20/2019,703,703,691,697,0.43,1825,1267480,1
6/23/2019,694,697,690,690,-1,4070,2812220,-1
6/24/2019,690,698,690,698,1.16,4335,2999575,1
6/25/2019,691,699,691,699,0.14,2210,1537370,1
6/26/2019,695,700,695,700,0.14,6910,4820590,1
6/27/2019,703,704,696,703,0.43,6670,4676932,1
6/30/2019,715,715,696,702,-0.14,10990,7685545,-1
7/1/2019,690,700,690,698,-0.57,11164,7792808,-1
7/2/2019,699,699,692,694,-0.57,14563,10154981,-1
7/3/2019,698,707,694,700,0.86,8880,6185680,1
7/4/2019,693,705,693,698,-0.29,55909,38803392,-1
7/7/2019,695,698,692,697,-0.14,7865,5450650,-1
7/8/2019,691,697,690,693,-0.57,6555,4530735,-1
7/9/2019,687,694,687,694,0.14,6630,4568735,1
7/10/2019,694,700,685,686,-1.15,18725,12854155,-1
7/11/2019,688,695,683,683,-0.44,15488,10639550,-1
7/14/2019,696,696,681,685,0.29,2725,1864575,1
7/15/2019,688,690,686,690,0.73,1395,958710,1
7/16/2019,724,724,685,693,0.43,2115,1458470,1
7/17/2019,703,703,692,696,0.43,15752,10939554,1
7/18/2019,697,697,692,693,-0.43,1915,1328900,-1
7/21/2019,700,700,690,698,0.72,3243,2252180,1
7/22/2019,695,699,695,699,0.14,3255,2273380,1
7/23/2019,700,705,693,697,-0.29,6625,4596855,-1
7/24/2019,699,699,693,699,0.29,1550,1078750,1
7/25/2019,694,698,693,695,-0.57,4585,3191200,-1
7/28/2019,687,692,687,691,-0.58,2094,1439208,-1
7/29/2019,695,695,687,693,0.29,1000,689710,1
7/30/2019,685,703,685,695,0.29,5076,3511366,1
7/31/2019,690,699,690,698,0.43,1810,1258460,1
8/1/2019,701,701,694,694,-0.57,2720,1892165,-1
8/4/2019,695,695,691,695,0.14,4403,3047898,1
8/5/2019,694,694,690,691,-0.58,4955,3423230,-1
8/6/2019,691,694,690,691,0,4290,2966090,0
8/7/2019,686,695,686,692,0.14,9280,6411540,1
8/8/2019,695,695,687,687,-0.72,2857,1972841,-1
8/11/2019,695,695,686,689,0.29,3027,2079562,1
8/12/2019,692,693,687,689,0,14415,9962665,0
8/13/2019,692,692,685,685,-0.58,2465,1691685,-1
8/14/2019,692,692,680,686,0.15,2690,1832790,1
8/15/2019,688,688,670,679,-1.02,9285,6275605,-1
8/18/2019,675,682,666,666,-1.91,9920,6673895,-1
8/19/2019,671,672,668,670,0.6,6493,4347754,1
8/20/2019,667,668,663,665,-0.75,2940,1953490,-1
8/21/2019,675,675,665,669,0.6,1835,1222970,1
8/22/2019,682,682,666,674,0.75,2375,1588601,1
8/25/2019,677,677,665,675,0.15,7115,4744249,1
8/26/2019,672,672,665,670,-0.74,960,641160,-1
8/27/2019,668,675,666,670,0,5835,3911275,0
8/28/2019,683,683,665,665,-0.75,965,644650,-1
8/29/2019,670,670,664,667,0.3,3235,2149025,1
9/1/2019,664,669,660,663,-0.6,3528,2343357,-1
9/2/2019,676,689,647,658,-0.75,7735,5103720,-1
9/3/2019,655,656,643,655,-0.46,10060,6515830,-1
9/4/2019,660,660,647,653,-0.31,13925,9090810,-1
9/5/2019,659,659,641,651,-0.31,4940,3202340,-1
9/8/2019,645,647,637,639,-1.84,7265,4658521,-1
9/9/2019,650,651,630,632,-1.1,7140,4519263,-1
9/10/2019,633,635,620,630,-0.32,5493,3453377,-1
9/11/2019,626,631,625,629,-0.16,2180,1365690,-1
9/12/2019,623,630,620,626,-0.48,12194,7602350,-1
9/15/2019,630,640,612,624,-0.32,830,522420,-1
9/16/2019,630,650,606,606,-2.88,2820,1750275,-1
9/17/2019,635,646,620,627,3.47,10113,6471276,1
9/18/2019,639,662,626,633,0.96,4045,2559000,1
9/19/2019,645,645,625,627,-0.95,1840,1160078,-1
9/22/2019,629,641,613,625,-0.32,1205,749130,-1
9/23/2019,634,634,622,628,0.48,220,138410,1
9/24/2019,634,634,614,622,-0.96,1785,1106095,-1
9/25/2019,613,633,613,627,0.8,960,595540,1
9/26/2019,615,630,615,627,0,3510,2168758,0
9/29/2019,635,646,624,629,0.32,375,236160,1
9/30/2019,635,635,614,616,-2.07,1510,933430,-1
10/1/2019,628,635,620,627,1.79,20880,12950805,1
10/2/2019,639,645,625,637,1.59,458,290278,1
10/3/2019,649,649,625,637,0,1285,810365,0
10/10/2019,649,649,625,636,-0.16,590,371070,-1
10/14/2019,647,647,622,629,-1.1,11910,7418554,-1
10/15/2019,640,653,630,634,0.79,725,458015,1
10/16/2019,640,640,623,623,-1.74,1485,933310,-1
10/17/2019,635,647,620,620,-0.48,5255,3260885,-1
10/21/2019,625,629,618,620,0,2100,1301600,0
10/22/2019,624,624,616,616,-0.65,2815,1739180,-1
10/23/2019,620,635,619,620,0.65,1320,819350,1
10/24/2019,632,632,625,632,1.94,270,169660,1
10/31/2019,638,642,627,638,0.95,2460,1555620,1
11/3/2019,644,645,625,633,-0.78,1587,998915,-1
11/4/2019,643,643,620,627,-0.95,770,481440,-1
11/5/2019,629,629,621,624,-0.48,2100,1306940,-1
11/6/2019,625,625,617,617,-1.12,1550,961640,-1
11/7/2019,618,620,615,615,-0.32,2685,1657755,-1
11/10/2019,627,634,612,623,1.3,3005,1847259,1
11/11/2019,626,626,615,618,-0.8,3030,1870895,-1
11/12/2019,619,625,615,620,0.32,5130,3172530,1
11/13/2019,632,632,618,622,0.32,2700,1676930,1
11/14/2019,634,634,620,620,-0.32,1385,861710,-1
11/17/2019,630,630,615,624,0.65,6934,4282274,1
11/18/2019,630,630,618,624,0,1790,1107990,0
11/19/2019,617,627,617,626,0.32,2865,1782920,1
11/20/2019,630,635,623,623,-0.48,1565,977350,-1
11/21/2019,627,627,621,624,0.16,5775,3591300,1
11/24/2019,621,624,620,621,-0.48,2538,1574629,-1
11/25/2019,632,632,619,628,1.13,2065,1280205,1
11/26/2019,635,635,620,622,-0.96,2920,1818210,-1
11/27/2019,622,634,620,634,1.93,4005,2500365,1
11/28/2019,635,635,625,633,-0.16,2920,1827460,-1
12/1/2019,638,639,630,639,0.95,1222,776952,1
12/2/2019,639,642,630,637,-0.31,615,390170,-1
12/3/2019,639,639,620,630,-1.1,2383,1492320,-1
12/4/2019,630,637,625,637,1.11,1320,827618,1
12/5/2019,639,642,639,642,0.78,110,70370,1
12/8/2019,640,673,630,670,4.36,1902,1228946,1
12/9/2019,657,667,649,665,-0.75,6915,4517310,-1
12/10/2019,665,678,650,651,-2.11,1667,1093140,-1
12/11/2019,663,670,646,656,0.77,1290,846380,1
12/12/2019,668,669,651,651,-0.76,825,539335,-1
12/15/2019,664,677,637,659,1.23,530,345650,1
12/16/2019,650,659,636,640,-2.88,10455,6678195,-1
12/17/2019,649,649,637,642,0.31,1540,985000,1
12/18/2019,646,646,640,643,0.16,930,595710,1
12/19/2019,652,652,632,636,-1.09,1808,1152456,-1
12/22/2019,641,643,635,641,0.79,2262,1443946,1
12/23/2019,641,659,637,659,2.81,5000,3210900,1
12/24/2019,670,670,650,653,-0.91,15459,10112842,-1
12/25/2019,660,660,650,657,0.61,7225,4735546,1
12/26/2019,668,668,654,657,0,3815,2506070,0
12/29/2019,660,664,658,659,0.3,6455,4254337,1
12/30/2019,658,662,655,662,0.46,28830,19005838,1
12/31/2019,649,649,620,623,-5.89,3034,1896758,-1
1/1/2020,619,623,612,619,-0.64,6310,3886900,-1
1/2/2020,618,618,613,613,-0.97,1420,873450,-1
1/5/2020,615,620,607,615,0.33,3890,2387037,1
1/6/2020,620,620,611,618,0.49,2275,1399210,1
1/7/2020,618,624,618,621,0.49,4440,2758265,1
1/8/2020,627,639,620,623,0.32,2730,1699740,1
1/9/2020,626,626,617,620,-0.48,2060,1275662,-1
1/12/2020,618,636,616,636,2.58,6781,4221788,1
1/13/2020,654,667,639,667,4.87,92406,60455704,1
1/14/2020,655,669,637,645,-3.3,6905,4438621,-1
1/15/2020,645,645,639,644,-0.16,4051,2593551,-1
1/16/2020,645,656,636,639,-0.78,3415,2186370,-1
1/19/2020,640,650,637,650,1.72,13006,8343904,1
1/20/2020,645,645,625,637,-2,10351,6590537,-1
1/21/2020,649,649,626,627,-1.57,2040,1285545,-1
1/22/2020,627,633,621,621,-0.96,3120,1951930,-1
1/23/2020,633,645,621,627,0.97,6965,4358500,1
1/26/2020,635,635,621,621,-0.96,1262,785476,-1
1/27/2020,620,629,620,627,0.97,4050,2523880,1
1/28/2020,637,637,620,620,-1.12,6925,4311120,-1
1/29/2020,631,631,616,620,0,5090,3154210,0
1/30/2020,632,644,617,620,0,3320,2060260,0
2/2/2020,622,623,620,622,0.32,4636,2877710,1
2/3/2020,632,634,620,622,0,3766,2341774,0
2/4/2020,629,630,619,624,0.32,1585,985210,1
2/5/2020,617,626,617,626,0.32,4607,2864384,1
2/6/2020,626,630,620,624,-0.32,5525,3439590,-1
2/9/2020,618,623,617,620,-0.64,2630,1627470,-1
2/10/2020,630,630,617,620,0,2965,1834940,0
2/11/2020,622,622,618,620,0,7614,4714504,0
2/12/2020,615,631,615,619,-0.16,4015,2486595,-1
2/13/2020,625,629,615,617,-0.32,6950,4289040,-1
2/16/2020,615,629,615,619,0.32,4930,3054918,1
2/17/2020,622,631,618,623,0.65,12815,7948777,1
2/18/2020,633,633,621,624,0.16,11155,6970970,1
2/19/2020,633,648,617,624,0,7782,4838184,0
2/20/2020,634,635,618,629,0.8,19515,12158678,1
2/23/2020,634,650,630,649,3.18,38559,24573596,1
2/24/2020,650,696,650,666,2.62,26199,17446916,1
2/25/2020,660,732,656,722,8.41,55741,38519464,1
2/26/2020,732,768,722,738,2.22,109373,80722984,1
2/27/2020,750,750,715,719,-2.57,39988,29041294,-1
3/1/2020,733,790,701,706,-1.81,57238,41120384,-1
3/2/2020,720,720,681,681,-3.54,6922,4787585,-1
3/3/2020,670,700,655,678,-0.44,13762,9263140,-1
3/4/2020,690,690,652,653,-3.69,13663,9022280,-1
3/5/2020,642,666,642,658,0.77,9456,6202274,1
3/10/2020,671,671,634,635,-3.5,2653,1698963,-1
3/11/2020,647,666,628,639,0.63,18140,11527759,1
3/12/2020,649,649,625,633,-0.94,8127,5137703,-1
3/15/2020,640,640,615,617,-2.53,13363,8338342,-1
3/16/2020,625,626,610,620,0.49,14334,8859338,1
3/17/2020,632,632,607,609,-1.77,27730,16901592,-1
3/18/2020,615,615,600,605,-0.66,16277,9847086,-1
3/19/2020,605,617,600,610,0.83,33369,20166504,1
3/22/2020,622,632,610,623,2.13,275,168765,1
5/12/2020,611,611,605,605,-2.89,110,66670,-1
5/13/2020,593,593,587,587,-2.98,1470,862950,-1
6/29/2020,576,619,576,597,2.21,3490,2083350,1
6/30/2020,607,639,600,639,7.04,842,509008,1
7/1/2020,627,639,615,624,-2.35,2560,1602760,-1
7/2/2020,636,636,590,591,-5.29,3667,2223554,-1
7/5/2020,602,625,596,600,1.52,8349,5047881,1
7/6/2020,612,620,600,620,3.33,10234,6225057,1
7/7/2020,632,635,622,632,1.94,5476,3440132,1
7/8/2020,632,632,620,622,-1.58,3910,2431139,-1
7/9/2020,624,636,620,634,1.93,7510,4730840,1
7/12/2020,633,645,625,640,0.95,9249,5849940,1
7/13/2020,650,650,631,636,-0.63,6542,4156417,-1
7/14/2020,634,645,634,640,0.63,5168,3305655,1
7/15/2020,650,655,640,655,2.34,16195,10521182,1
7/16/2020,655,661,642,653,-0.31,4567,2989018,-1
7/19/2020,666,679,666,679,3.98,1100,733900,1
7/20/2020,692,696,650,654,-3.68,10175,6798202,-1
7/21/2020,645,664,641,659,0.76,9601,6302240,1
7/22/2020,660,660,647,653,-0.91,6804,4423089,-1
7/23/2020,650,660,650,655,0.31,2960,1936330,1
7/26/2020,655,670,652,670,2.29,42082,27969708,1
7/27/2020,677,677,666,670,0,8811,5911811,0
7/28/2020,681,681,661,668,-0.3,2810,1878085,-1
7/29/2020,668,669,657,657,-1.65,133474,88752216,-1
7/30/2020,665,665,654,654,-0.46,7720,5065470,-1
8/2/2020,659,662,648,650,-0.61,9998,6547640,-1
8/3/2020,650,654,645,652,0.31,3220,2096990,1
8/5/2020,658,659,647,657,0.77,6116,3986913,1
8/6/2020,655,660,647,651,-0.91,8150,5307389,-1
8/9/2020,652,660,645,660,1.38,4122,2681683,1
8/10/2020,656,666,656,665,0.76,6720,4448284,1
8/11/2020,666,668,662,666,0.15,5354,3562884,1
8/12/2020,663,666,661,665,-0.15,9735,6465692,-1
8/13/2020,660,668,656,663,-0.3,4193,2779033,-1
8/16/2020,652,665,650,665,0.3,6178,4062043,1
8/17/2020,670,670,659,665,0,1722,1138185,0
8/18/2020,660,665,655,660,-0.75,3620,2379475,-1
8/19/2020,665,665,655,664,0.61,8402,5549923,1
8/20/2020,669,669,661,662,-0.3,70,46430,-1
8/23/2020,654,665,654,663,0.15,9815,6494000,1
8/24/2020,666,668,657,663,0,4722,3139616,0
8/25/2020,667,667,663,665,0.3,3410,2266545,1
8/26/2020,665,667,662,667,0.3,11185,7451650,1
8/27/2020,660,667,660,664,-0.45,4539,3017825,-1
8/30/2020,664,667,659,667,0.45,3993,2652850,1
8/31/2020,670,676,663,670,0.45,6558,4399379,1
9/2/2020,669,691,669,689,2.84,11995,8225115,1
9/3/2020,690,722,683,722,4.79,43371,30207668,1
9/6/2020,758,758,694,705,-2.35,41252,29016351,-1
9/7/2020,696,706,695,700,-0.71,15511,10854221,-1
9/8/2020,696,699,690,699,-0.14,12625,8730368,-1
9/9/2020,699,700,691,696,-0.43,22915,15869107,-1
9/10/2020,696,710,690,703,1.01,61241,42399817,1
9/13/2020,704,720,703,712,1.28,32533,23148342,1
9/14/2020,719,722,712,715,0.42,16446,11776700,1
9/15/2020,718,718,706,707,-1.12,22555,16047362,-1
9/16/2020,720,720,705,706,-0.14,15401,10870226,-1
9/17/2020,709,713,706,712,0.85,15858,11236130,1
9/20/2020,715,715,706,713,0.14,30756,21854459,1
9/21/2020,711,714,706,711,-0.28,16613,11793571,-1
9/22/2020,710,713,702,702,-1.27,26919,19014825,-1
9/23/2020,706,710,699,705,0.43,10200,7185150,1
9/24/2020,710,710,705,707,0.28,3160,2233815,1
9/27/2020,710,710,703,703,-0.57,5560,3924750,-1
9/28/2020,710,710,700,709,0.85,5625,3958423,1
9/29/2020,713,713,701,703,-0.85,2482,1748197,-1
9/30/2020,700,703,698,702,-0.14,12460,8707865,-1
10/1/2020,700,705,699,701,-0.14,4485,3146103,-1
10/4/2020,704,705,699,701,0,21890,15363565,0
10/5/2020,714,714,700,703,0.29,14335,10057385,1
10/6/2020,708,708,703,707,0.57,18677,13158927,1
10/7/2020,709,715,704,705,-0.28,16338,11562990,-1
10/8/2020,705,710,703,705,0,7660,5403615,0
10/11/2020,705,705,699,700,-0.71,12461,8721644,-1
10/12/2020,701,705,699,699,-0.14,2794,1956222,-1
10/13/2020,700,701,700,700,0.14,5629,3943150,1
10/14/2020,699,703,690,698,-0.29,6657,4651360,-1
10/15/2020,710,710,698,707,1.29,3715,2615402,1
10/18/2020,709,709,700,700,-0.99,595,418050,-1
10/19/2020,700,705,699,700,0,3887,2720829,0
10/20/2020,709,709,703,707,1,2720,1918970,1
10/21/2020,705,710,701,709,0.28,33011,23193033,1
10/22/2020,708,718,702,717,1.13,18994,13404758,1
10/28/2020,715,727,712,727,1.39,21036,15183608,1
10/29/2020,730,739,721,737,1.38,52970,38804242,1
11/1/2020,740,740,730,735,-0.27,29570,21798750,-1
11/2/2020,732,735,726,727,-1.09,37969,27706826,-1
11/3/2020,730,757,726,751,3.3,134844,100321532,1
11/4/2020,755,764,752,755,0.53,100125,75747345,1
11/5/2020,760,763,751,755,0,56110,42408150,0
11/8/2020,751,765,751,765,1.32,102714,78050517,1
11/9/2020,766,795,760,790,3.27,175912,137475308,1
11/10/2020,800,869,795,865,9.49,249554,206443872,1
11/11/2020,880,907,866,907,4.86,295364,259028930,1
11/12/2020,905,969,892,954,5.18,328002,304289221,1
11/18/2020,954,954,909,940,-1.47,330501,308551660,-1
11/19/2020,941,994,931,965,2.66,179766,173156152,1
11/22/2020,965,974,922,962,-0.31,289886,275541678,-1
11/23/2020,962,962,935,935,-2.81,142365,134478520,-1
11/24/2020,940,1010,935,994,6.31,293249,285117188,1
11/25/2020,1000,1093,995,1092,9.86,306569,317909891,1
11/26/2020,1111,1145,1074,1089,-0.27,254064,282738130,-1
11/29/2020,1100,1110,1060,1082,-0.64,219442,237807418,-1
11/30/2020,1095,1100,1055,1071,-1.02,169429,180827160,-1
12/1/2020,1071,1178,1050,1175,9.71,394837,443650399,1
12/2/2020,1200,1292,1200,1292,9.96,317622,407173587,1
12/3/2020,1292,1387,1252,1285,-0.54,326989,421838899,-1
12/6/2020,1285,1285,1157,1157,-9.96,263094,321097250,-1
12/7/2020,1167,1220,1111,1219,5.36,288231,337433718,1
12/8/2020,1235,1309,1185,1206,-1.07,213285,258590592,-1
12/9/2020,1210,1210,1160,1170,-2.99,106399,124434871,-1
12/10/2020,1152,1201,1151,1180,0.85,113017,133006624,1
12/13/2020,1180,1201,1157,1189,0.76,121756,143541990,1
12/14/2020,1210,1225,1189,1209,1.68,147734,178515194,1
12/15/2020,1210,1240,1180,1180,-2.4,137886,165242211,-1
12/16/2020,1199,1199,1159,1171,-0.76,56365,66014410,-1
12/17/2020,1171,1183,1146,1150,-1.79,68442,79203151,-1
12/20/2020,1207,1207,1043,1050,-8.7,159793,173718915,-1
12/21/2020,1029,1105,1000,1087,3.52,202472,213241439,1
12/22/2020,1108,1170,1088,1169,7.54,153763,173250924,1
12/23/2020,1200,1210,1140,1150,-1.63,82072,95405244,-1
12/24/2020,1150,1150,1099,1111,-3.39,77900,86684754,-1
12/27/2020,1133,1133,1079,1083,-2.52,54315,59184871,-1
12/28/2020,1080,1088,1067,1083,0,46465,50171573,0
12/29/2020,1090,1140,1083,1110,2.49,80924,90065087,1
12/30/2020,1115,1200,1105,1182,6.49,176259,202174473,1
12/31/2020,1175,1240,1175,1208,2.2,234202,285112694,1
1/3/2021,1235,1304,1225,1302,7.78,354427,450791101,1
1/4/2021,1320,1346,1270,1291,-0.84,288434,377815215,-1
1/5/2021,1250,1306,1250,1275,-1.24,124736,160486716,-1
1/6/2021,1300,1300,1277,1288,1.02,123044,158770272,1
1/7/2021,1282,1295,1263,1268,-1.55,97202,124352154,-1
1/10/2021,1280,1285,1239,1255,-1.03,131630,165411528,-1
1/11/2021,1251,1269,1233,1238,-1.35,96723,120898722,-1
1/12/2021,1242,1264,1228,1253,1.21,97771,122280530,1
1/13/2021,1263,1264,1245,1263,0.8,212188,265524940,1
1/17/2021,1305,1371,1300,1359,7.6,433507,581012066,1
1/18/2021,1387,1387,1333,1354,-0.37,198199,268524359,-1
1/19/2021,1400,1400,1320,1340,-1.03,217525,290914989,-1
1/20/2021,1407,1407,1325,1332,-0.6,117364,156971602,-1
1/21/2021,1398,1398,1334,1340,0.6,156768,210364648,1
1/24/2021,1360,1425,1350,1394,4.03,229476,318941720,1
1/25/2021,1407,1424,1360,1385,-0.65,113022,156473109,-1
1/26/2021,1454,1454,1342,1360,-1.81,120878,164464551,-1
1/27/2021,1365,1382,1345,1371,0.81,151903,207916480,1
1/28/2021,1371,1380,1345,1348,-1.68,167891,229094766,-1
1/31/2021,1348,1360,1315,1341,-0.52,227145,306265021,-1
2/1/2021,1360,1397,1345,1349,0.6,104457,141900417,1
2/2/2021,1375,1448,1351,1446,7.19,272268,384345150,1
2/3/2021,1475,1497,1428,1449,0.21,222682,325462912,1
2/4/2021,1449,1465,1421,1450,0.07,114843,166205450,1
2/7/2021,1460,1472,1436,1451,0.07,127581,184765977,1
2/8/2021,1500,1500,1435,1437,-0.96,110682,160208770,-1
2/9/2021,1370,1468,1370,1410,-1.88,150300,212977059,-1
2/10/2021,1425,1430,1398,1416,0.43,117211,165177330,1
2/11/2021,1400,1428,1400,1410,-0.42,106334,151037377,-1
2/14/2021,1400,1400,1340,1349,-4.33,170355,231207290,-1
2/15/2021,1372,1385,1350,1358,0.67,86286,117532359,1
2/16/2021,1365,1383,1330,1354,-0.29,124175,167017431,-1
2/17/2021,1287,1390,1287,1331,-1.7,69598,93425153,-1
2/18/2021,1331,1387,1322,1355,1.8,186269,254552734,1
2/21/2021,1380,1380,1345,1352,-0.22,64402,87563321,-1
2/22/2021,1419,1419,1336,1345,-0.52,68356,91658214,-1
2/23/2021,1325,1354,1310,1346,0.07,79411,105129539,1
2/24/2021,1360,1372,1330,1352,0.45,68397,92746792,1
2/25/2021,1352,1353,1320,1329,-1.7,39947,53343103,-1
2/28/2021,1329,1329,1275,1280,-3.69,113985,148105553,-1
3/1/2021,1290,1314,1255,1296,1.25,36447,46889326,1
3/2/2021,1300,1310,1250,1272,-1.85,80967,104222342,-1
3/3/2021,1235,1275,1194,1199,-5.74,246741,299706140,-1
3/4/2021,1200,1271,1180,1269,5.84,163367,198349516,1
3/7/2021,1300,1300,1227,1270,0.08,84189,104664101,1
3/9/2021,1270,1270,1222,1260,-0.79,140789,176584946,-1
3/10/2021,1255,1299,1250,1295,2.78,432740,557083887,1
3/14/2021,1277,1277,1191,1210,-6.56,99063,119822126,-1
3/15/2021,1210,1210,1170,1170,-3.31,67434,79522444,-1
3/16/2021,1180,1180,1128,1145,-2.14,32425,37217733,-1
3/17/2021,1145,1205,1134,1195,4.37,103313,119631980,1
3/18/2021,1200,1224,1197,1224,2.43,52740,63517720,1
3/21/2021,1240,1263,1235,1255,2.53,81013,101320291,1
3/22/2021,1279,1279,1227,1245,-0.8,41601,51400200,-1
3/23/2021,1231,1242,1225,1239,-0.48,33564,41456742,-1
3/24/2021,1300,1300,1234,1247,0.65,42559,52792370,1
3/25/2021,1247,1255,1215,1217,-2.41,27022,33258254,-1
3/29/2021,1240,1241,1203,1203,-1.15,24618,29776482,-1
3/30/2021,1200,1219,1195,1215,1,46857,56508655,1
3/31/2021,1220,1235,1208,1229,1.15,31419,38319803,1
4/1/2021,1223,1294,1223,1280,4.15,129792,164368024,1
4/4/2021,1280,1314,1280,1314,2.66,94390,122967034,1
4/5/2021,1320,1357,1300,1356,3.2,142283,190550629,1
4/6/2021,1360,1375,1332,1375,1.4,112900,152999093,1
4/7/2021,1403,1403,1370,1370,-0.36,116311,160592508,-1
4/8/2021,1370,1380,1349,1351,-1.39,101298,137184925,-1
4/12/2021,1360,1365,1302,1324,-2,60681,80534328,-1
4/13/2021,1345,1345,1315,1323,-0.08,25265,33467443,-1
4/15/2021,1257,1338,1257,1328,0.38,50011,66546764,1
4/18/2021,1328,1330,1300,1308,-1.51,45023,59162722,-1
4/19/2021,1308,1314,1285,1285,-1.76,34246,44344781,-1
4/20/2021,1269,1298,1269,1290,0.39,25369,32690961,1
4/21/2021,1290,1304,1266,1280,-0.78,47194,60615428,-1
4/22/2021,1259,1315,1258,1297,1.33,52046,67190260,1
4/25/2021,1300,1301,1250,1268,-2.24,49108,62055252,-1
4/26/2021,1260,1265,1225,1230,-3,46345,57363026,-1
4/27/2021,1234,1275,1222,1268,3.09,32508,40701158,1
4/28/2021,1205,1300,1205,1281,1.03,53515,68785038,1
4/29/2021,1275,1322,1272,1312,2.42,42398,55204814,1
5/2/2021,1319,1370,1302,1370,4.42,240903,324414093,1
5/3/2021,1320,1390,1320,1347,-1.68,100648,136738796,-1
5/4/2021,1365,1365,1326,1340,-0.52,50251,67162422,-1
5/5/2021,1345,1350,1324,1325,-1.12,28497,37867912,-1
5/6/2021,1330,1330,1300,1310,-1.13,49217,64539828,-1
5/9/2021,1308,1315,1291,1295,-1.15,64334,83775409,-1
5/10/2021,1285,1340,1282,1336,3.17,33239,43768893,1
5/11/2021,1346,1359,1325,1347,0.82,65250,87762843,1
5/12/2021,1350,1350,1323,1337,-0.74,24798,33033259,-1
5/13/2021,1400,1400,1319,1331,-0.45,35288,47197792,-1
5/16/2021,1334,1342,1320,1340,0.68,26611,35541423,1
5/17/2021,1341,1409,1335,1404,4.78,308880,426990410,1
5/18/2021,1450,1450,1388,1389,-1.07,104798,146907383,-1
5/19/2021,1389,1395,1362,1388,-0.07,41943,57554867,-1
5/20/2021,1361,1410,1361,1394,0.43,173279,241170291,1
5/23/2021,1325,1401,1325,1390,-0.29,68916,95932434,-1
5/24/2021,1371,1395,1371,1395,0.36,46129,63806994,1
5/25/2021,1381,1384,1370,1374,-1.51,25079,34454574,-1
5/27/2021,1370,1370,1348,1356,-1.31,45804,62129142,-1
5/30/2021,1356,1370,1311,1314,-3.1,162715,216586438,-1
5/31/2021,1300,1309,1280,1281,-2.51,77944,100673687,-1
6/1/2021,1280,1280,1245,1260,-1.64,57951,72951996,-1
6/2/2021,1265,1299,1241,1277,1.35,104517,132940768,1
6/3/2021,1302,1328,1275,1276,-0.08,90914,117319854,-1
6/6/2021,1300,1300,1252,1277,0.08,57435,72856693,1
6/7/2021,1279,1290,1262,1265,-0.94,35739,45525522,-1
6/8/2021,1265,1273,1256,1265,0,47424,60006455,0
6/9/2021,1284,1289,1261,1268,0.24,44753,56937912,1
6/10/2021,1280,1298,1260,1281,1.03,53569,68456553,1
6/13/2021,1299,1299,1277,1280,-0.08,38301,49082769,-1
6/14/2021,1280,1285,1260,1271,-0.7,55260,70321302,-1
6/15/2021,1276,1358,1274,1330,4.64,134293,176930721,1
6/16/2021,1310,1335,1281,1300,-2.26,42148,55093100,-1
6/17/2021,1300,1302,1282,1298,-0.15,24875,32104936,-1
6/20/2021,1300,1300,1266,1272,-2,54919,70045867,-1
6/21/2021,1272,1295,1250,1294,1.73,38927,49186501,1
6/22/2021,1300,1325,1266,1316,1.7,67537,87850151,1
6/23/2021,1290,1325,1271,1317,0.08,102466,134058755,1
6/24/2021,1317,1331,1302,1313,-0.3,72440,95640349,-1
6/27/2021,1312,1312,1286,1289,-1.83,22277,28846597,-1
6/28/2021,1353,1353,1280,1296,0.54,39834,51243341,1
6/29/2021,1296,1296,1273,1273,-1.77,11198,14311991,-1
6/30/2021,1270,1283,1252,1261,-0.94,30176,38101240,-1
7/1/2021,1280,1315,1280,1310,3.89,73413,95618660,1
7/4/2021,1320,1356,1308,1340,2.29,145484,194658029,1
7/5/2021,1374,1374,1316,1360,1.49,95704,128931910,1
7/6/2021,1360,1374,1338,1356,-0.29,36346,49357034,-1
7/7/2021,1356,1372,1340,1355,-0.07,86562,116954646,-1
7/8/2021,1350,1350,1325,1329,-1.92,30408,40527155,-1
7/11/2021,1345,1355,1320,1329,0,15080,20066677,0
7/12/2021,1350,1355,1310,1310,-1.43,17591,23187274,-1
7/13/2021,1310,1330,1300,1319,0.69,32948,43369647,1
7/14/2021,1330,1330,1305,1315,-0.3,8355,10944142,-1
7/15/2021,1315,1319,1299,1314,-0.08,17232,22485450,-1
7/18/2021,1314,1338,1300,1318,0.3,15039,19767473,1
7/19/2021,1344,1344,1314.2,1320,0.15,12824,16932536.6,1
7/20/2021,1320,1330,1300,1302,-1.36,13489,17630556,-1
7/22/2021,1305,1307,1295.2,1296,-0.46,15943,20715531.5,-1
7/25/2021,1300,1315,1300,1304,0.62,17158,22357275.7,1
7/26/2021,1325,1325,1290.3,1293,-0.84,18127,23501423.2,-1
7/27/2021,1293,1306,1287,1304,0.85,28765,37279679.8,1
7/28/2021,1325,1330,1295,1301,-0.23,19053,24790513.8,-1
7/29/2021,1305,1312,1301.2,1303,0.15,20940,27265164.1,1
8/1/2021,1304,1305,1295.5,1296,-0.54,13332,17311928.8,-1
8/2/2021,1296,1299,1289,1290,-0.46,12147,15689417.6,-1
8/3/2021,1300,1306,1291,1298,0.62,15544,20198857.3,1
8/4/2021,1300,1310,1290,1293,-0.39,17368,22507616.8,-1
8/5/2021,1296,1296,1285,1287.8,-0.4,14470,18629663.9,-1
8/8/2021,1287.8,1295,1255.4,1275,-0.99,62890,79670961.8,-1
8/9/2021,1280,1285,1265,1270,-0.39,23784,30266250.1,-1
8/10/2021,1275.1,1291,1272,1279,0.71,38801,49815259.3,1
8/11/2021,1295,1300,1265,1270,-0.7,18915,24138458,-1
8/12/2021,1272,1280,1266,1269.9,-0.01,17864,22689376.2,-1
8/15/2021,1244.6,1265,1235.8,1246,-1.88,53012,66247230,-1
8/16/2021,1250,1270,1238,1238,-0.64,33886,42343880.2,-1
8/17/2021,1240,1255,1205,1213,-2.02,57885,70886911.5,-1
8/18/2021,1220,1237,1189,1205,-0.66,48279,58935886,-1
8/19/2021,1213,1305.6,1211.1,1233,2.32,54119,67612246.6,1
8/24/2021,1264,1265,1210,1220,-1.05,28046,34296874.7,-1
8/25/2021,1225,1225,1195,1199,-1.72,42165,50622826.3,-1
8/26/2021,1201,1215,1195,1195,-0.33,21347,25620753.9,-1
8/29/2021,1190,1210,1170,1171,-2.01,28779,34078948.6,-1
8/31/2021,1171,1190,1118,1130,-3.5,50419,57295413.1,-1
9/1/2021,1152,1164,1105,1135,0.44,53036,59861442,1
9/2/2021,1157,1157,1100,1114,-1.85,40684,45126802.5,-1
9/5/2021,1111.9,1111.9,1030,1055,-5.3,30398,32495562.4,-1
9/6/2021,1055,1160.5,1055,1160.5,10,33918,37406485,1
9/7/2021,1183.7,1199,1125,1199,3.32,25346,29065355.2,1
9/8/2021,1201,1201,1136.8,1150,-4.09,13919,15999443.7,-1
9/9/2021,1150,1172,1118.2,1121,-2.52,13682,15473241.6,-1
9/12/2021,1143.4,1166.2,1120,1135,1.25,11001,12421378.9,1
9/13/2021,1135,1149,1119,1130,-0.44,10983,12390361.1,-1
9/14/2021,1151,1151,1110,1119,-0.97,13499,15119278.3,-1
9/15/2021,1125,1125,1103,1113,-0.54,6585,7313532,-1
9/16/2021,1100,1105,1075,1099,-1.26,19407,21206173,-1
9/20/2021,1110,1111,1040,1055,-4,18690,19983085,-1
9/21/2021,1055,1080,995,1065,0.95,18605,19263665.5,1
9/22/2021,1086.3,1100,1078,1085,1.88,10750,11688388.5,1
9/23/2021,1098,1098,1064,1070,-1.38,23349,25098626.5,-1
9/26/2021,1060,1062,1037,1037,-3.08,10210,10696655.7,-1
9/27/2021,1035,1035,999,1005.9,-3,18207,18301812.1,-1
9/28/2021,1006,1008,990,999,-0.69,12032,11986782.5,-1
9/29/2021,1015,1030,986,1029,3,24816,24838511.9,1
9/30/2021,1048,1048,1010,1014,-1.46,14541,14798178,-1
10/3/2021,1027,1027,995,995,-1.87,11247,11247711.5,-1
10/4/2021,985,1015,980.1,1015,2.01,19506,19498842.9,1
10/5/2021,1015,1015,997.1,1013,-0.2,6483,6547628,-1
10/6/2021,1029,1045,1010,1039,2.57,7816,8020022.9,1
10/10/2021,1039,1059,1012,1015,-2.31,13227,13638539.1,-1
10/11/2021,1035,1035,979,990,-2.46,28124,27848157,-1
10/17/2021,1008,1023,995,1022,3.23,18184,18246830.1,1
10/18/2021,1002,1022,1000,1000,-2.15,9217,9238043.5,-1
10/19/2021,990,995,972,995,-0.5,13873,13633088.5,-1
10/20/2021,1014,1054,1012.4,1054,5.93,32782,33947139.2,1
10/21/2021,1055,1095,1039,1085,2.94,26185,28066318.2,1
10/24/2021,1100,1160,1061,1150,5.99,46133,52063231.6,1
10/25/2021,1155,1178,1135.1,1178,2.43,30780,35475929.4,1
10/26/2021,1160,1190,1157,1180,0.17,21999,25813422.7,1
10/27/2021,1180,1208.7,1161,1178,-0.17,53712,63588826.1,-1
10/28/2021,1174,1232,1161.2,1225,3.99,79067,95541838.4,1
10/31/2021,1225,1244,1205,1215,-0.82,26240,32133950.3,-1
11/1/2021,1234,1235,1180,1200,-1.23,21103,25217831,-1
11/2/2021,1178,1214,1155.2,1200,0,17740,21223106.7,0
11/3/2021,1224,1225,1182,1199,-0.08,20534,24728699.2,-1
11/8/2021,1202,1220,1176,1200,0.08,15470,18488253.7,1
11/9/2021,1200,1200,1142.8,1157,-3.58,24952,28951572.8,-1
11/11/2021,1156,1169,1124,1124,-2.85,14790,16827338.1,-1
11/14/2021,1125,1183,1111,1160,3.2,11973,13670532.2,1
11/15/2021,1170,1183.2,1157,1161,0.09,20746,24256810,1
11/16/2021,1184,1277.1,1176.5,1277.1,10,131647,164339249.9,1
11/17/2021,1302.6,1404.8,1302.6,1390,8.84,426090,586862955.9,1
11/18/2021,1395,1457.5,1355,1438,3.45,429788,604455412.9,1
11/21/2021,1438,1438,1380,1395.5,-2.96,161903,226238338.6,-1
11/22/2021,1411,1438,1375,1420.2,1.77,206052,291867406.4,1
11/23/2021,1402,1470,1402,1457,2.59,287027,415724063.2,1
11/24/2021,1486.1,1486.1,1431,1465,0.55,180214,261556834.8,1
11/25/2021,1450,1495,1450,1484,1.3,179849,265713736.3,1
11/28/2021,1454.4,1465,1390,1409,-5.05,133771,190468569.8,-1
11/29/2021,1408,1430,1372,1380,-2.06,71287,99545445.7,-1
11/30/2021,1400,1400,1351,1393,0.94,38412,52794220.6,1
12/1/2021,1393,1440,1377,1426,2.37,103022,145393099,1
12/2/2021,1439,1439,1365.6,1384.8,-2.89,70998,98647044.4,-1
12/5/2021,1385,1385,1310,1329,-4.03,126212,166894915.5,-1
12/6/2021,1302.5,1371,1302.5,1362,2.48,104627,139261193.3,1
12/7/2021,1362,1389.2,1320,1326,-2.64,61755,83521492,-1
12/8/2021,1326,1328,1298.6,1298.7,-2.06,83342,109115348.7,-1
12/9/2021,1272.8,1321.9,1272.8,1306,0.56,56658,73783480,1
12/12/2021,1301,1302,1257,1259,-3.6,38683,49292602.9,-1
12/13/2021,1233.9,1264,1203,1218,-3.26,59093,72716686.5,-1
12/14/2021,1200,1288,1195,1288,5.75,30556,38620807.8,1
12/15/2021,1310,1310,1252,1279,-0.7,62477,79548987.1,-1
12/16/2021,1254,1279,1229,1265,-1.09,22471,28345903.6,-1
12/20/2021,1265,1265,1231.1,1232,-2.61,42559,52882579.3,-1
12/21/2021,1254,1299,1240.1,1295,5.11,82402,103938224,1
12/22/2021,1318,1380,1295,1331,2.78,60299,80410239.6,1
12/23/2021,1310.1,1362,1310.1,1335,0.3,61547,82635979.8,1
12/26/2021,1335,1355,1320,1335,0,99511,133329533.5,0
12/27/2021,1355,1360,1283.8,1283.8,-3.84,61359,80857116.3,-1
12/28/2021,1263.3,1300,1263.3,1283,-0.06,40509,52189110.7,-1
12/29/2021,1299,1305,1280,1283,0,30806,39598686,0
1/2/2022,1300,1341,1283,1325,3.27,79727,103884333.1,1
1/3/2022,1335,1335,1301.1,1317,-0.6,29864,39305624.3,-1
1/4/2022,1302.1,1329,1293,1315,-0.15,22367,29360024.6,-1
1/5/2022,1320,1346.4,1301,1313,-0.15,59319,78308616.3,-1
1/6/2022,1327,1334,1300.6,1331,1.37,56637,74856032.1,1
1/9/2022,1350,1370,1335,1358,2.03,89981,121905629.6,1
1/10/2022,1360,1431.5,1336,1431.5,5.41,158355,218284073.7,1
1/11/2022,1445,1445,1403,1440,0.59,97060,138252565.4,1
1/12/2022,1414,1439,1381.1,1391,-3.4,56238,79279886.3,-1
1/13/2022,1391,1408.6,1375,1391,0,63748,88692430.2,0
1/16/2022,1410,1455,1392,1435,3.16,151494,216913816.3,1
1/17/2022,1463.7,1474,1416,1458,1.6,165102,239848575.2,1
1/18/2022,1487,1546,1452,1499,2.81,169325,251934632.7,1
1/19/2022,1469.1,1550,1452.2,1456,-2.87,84219,123517063.8,-1
1/20/2022,1436,1504.3,1432,1457,0.07,107068,156753259.2,1
1/23/2022,1486,1525,1470,1513,3.84,213430,321453428.2,1
1/24/2022,1510,1510,1437,1456,-3.77,132662,194287024.5,-1
1/25/2022,1430,1485,1426.9,1448.9,-0.49,49872,72251198.9,-1
1/26/2022,1449,1459,1426,1440,-0.61,38238,55042383.2,-1
1/27/2022,1455,1475,1441,1459.9,1.38,78581,114723730,1
1/30/2022,1486,1540,1465,1520,4.12,157615,236209308.5,1
1/31/2022,1520,1570,1500,1570,3.29,202341,311884064.3,1
2/1/2022,1543,1575,1543,1568,-0.13,55701,87280537.9,-1
2/3/2022,1575,1600,1516,1560,-0.51,104116,161909543.8,-1
2/6/2022,1550,1550,1509.5,1540,-1.28,88745,134957608.4,-1
2/7/2022,1515,1590,1509.2,1590,3.25,157172,244850831.8,1
2/8/2022,1600,1610,1568,1590,0,85021,134474285.2,0
2/9/2022,1579,1599.9,1562,1599.9,0.62,92469,145957217.5,1
2/10/2022,1590,1625,1588.1,1624.8,1.56,158139,254839564.5,1
2/13/2022,1593,1595.9,1570,1583,-2.57,118823,187793409.4,-1
2/14/2022,1583,1613,1580,1585,0.13,106968,170783009.5,1
2/15/2022,1607,1655,1593,1655,4.42,112045,182164937.7,1
2/16/2022,1661.1,1683,1636,1664,0.54,89535,148830600.1,1
2/17/2022,1650,1680,1645,1679,0.9,60388,100275762.7,1
2/20/2022,1645.5,1711,1629.1,1710,1.85,112672,190296150.8,1
2/21/2022,1701,1744,1693,1737,1.58,153445,265013560.4,1
2/22/2022,1702.3,1799.9,1702.3,1779,2.42,121539,214967421.2,1
2/23/2022,1743.5,1799,1725,1726,-2.98,110212,193785554,-1
2/24/2022,1691.5,1741,1662.2,1690,-2.09,147895,253572127,-1
2/27/2022,1690,1725,1659,1699,0.53,112304,190626197.7,1
2/28/2022,1705,1710,1651,1675,-1.41,65556,109625509.2,-1
3/2/2022,1650,1660,1617,1624,-3.04,86931,141985351.9,-1
3/6/2022,1648,1649.9,1603,1637,0.8,51278,83193722.4,1
3/7/2022,1643,1695,1632,1689,3.18,75648,126276486.7,1
3/9/2022,1655.3,1714,1643.7,1680,-0.53,62897,105221599.5,-1
3/10/2022,1660.3,1685,1636.8,1646,-2.02,79402,131256223.5,-1
3/13/2022,1647.1,1715,1645,1715,4.19,116597,196195583.3,1
3/14/2022,1684,1729.9,1684,1714,-0.06,27074,46234629.9,-1
3/15/2022,1748.2,1748.2,1626,1626,-5.13,203098,342357194.2,-1
3/16/2022,1626,1628,1538.1,1568,-3.57,103828,163601781.9,-1
3/20/2022,1569,1575,1539.1,1550,-1.15,56827,88248493.8,-1
3/21/2022,1546,1555,1490,1504,-2.97,139287,209457229.9,-1
3/22/2022,1490,1530,1490,1528,1.6,71266,107196564.3,1
3/23/2022,1532,1532,1490,1508,-1.31,50574,76076968.7,-1
3/24/2022,1511,1514.9,1464,1465,-2.85,158549,235068587,-1
3/27/2022,1230,1230,1147.1,1170,-4.16,80695,95951290.6,-1
3/28/2022,1170,1170,1130,1133.5,-3.12,45167,51690628.5,-1
3/29/2022,1121,1153,1121,1125.3,-0.72,35001,39678365.2,-1
3/30/2022,1142.9,1184.9,1121.2,1182,5.04,59049,68317489.7,1
3/31/2022,1182,1199,1150,1170,-1.02,22156,25949825.4,-1
4/3/2022,1173,1173,1120,1121,-4.19,14704,16685099.9,-1
4/4/2022,1098.6,1150,1090.8,1100,-1.87,33349,36933591.4,-1
4/5/2022,1095,1109,1045,1048.3,-4.7,47890,51003393.4,-1
4/6/2022,1042,1089.3,1034,1068,1.88,32725,34812311.6,1
4/7/2022,1089,1130,1056.1,1130,5.81,41082,45347757.2,1
4/11/2022,1152,1175,1060,1060,-6.19,44131,48433237.9,-1
4/12/2022,1080,1080,1035,1035,-2.36,27042,28262863,-1
4/13/2022,1050,1067,1028,1066,3,20960,22041254.3,1
4/17/2022,1070,1087,1035,1050,-1.5,47487,49947381.6,-1
4/18/2022,1060,1060,1008,1015,-3.33,16956,17332743.7,-1
4/19/2022,1004,1049,994,1033,1.77,18361,18633859.2,1
4/20/2022,1049,1050,995,995,-3.68,21929,22060448,-1
4/21/2022,1005,1029,993,1025,3.02,23004,23218244.2,1
4/24/2022,1044,1081,1022,1065,3.9,30215,32008254.5,1
4/25/2022,1060,1069,1029,1040,-2.35,26904,28130613.3,-1
4/26/2022,1021,1052,1020,1037.9,-0.2,12822,13243259.4,-1
4/27/2022,1020.2,1050.5,1020.2,1049,1.07,19711,20432215.7,1
4/28/2022,1054,1054,1020,1030,-1.81,11410,11785430.5,-1
5/2/2022,1032.9,1032.9,987,989,-3.98,33068,32985415.4,-1
5/4/2022,1000,1000,933.6,980,-0.91,35215,34034789.3,-1
5/5/2022,980,989,945,982,0.2,22683,21880216.9,1
5/8/2022,982,1010,947,1010,2.85,16033,15665781.5,1
5/9/2022,1010,1028,980,1020,0.99,77958,78353899.1,1
5/10/2022,1020,1050,1005,1038.9,1.85,37180,38289435.6,1
5/11/2022,1040,1050,1018,1050,1.07,35061,36268793.6,1
5/12/2022,1050,1070,1029.1,1053.6,0.34,51491,53855767.6,1
5/17/2022,1058,1058,980,982,-6.8,27925,28065694.1,-1
5/18/2022,962.4,1013.9,962.4,996,1.43,14598,14522548.7,1
5/19/2022,996,1015.9,980,990,-0.6,12366,12320737.1,-1
5/20/2022,1005,1005,973,973,-1.72,14516,14240090.5,-1
5/23/2022,990,990,945.7,979,0.62,24855,23851434.4,1
5/24/2022,979,991,946,988,0.92,7115,6952959.2,1
5/25/2022,1002,1002,970,995,0.71,8376,8238194.5,1
5/26/2022,1000,1002,968,981.5,-1.36,16611,16273993.8,-1
5/27/2022,990,990,950,959,-2.29,19698,18878412.5,-1
5/30/2022,967,970,932,935,-2.5,52281,49638975.2,-1
5/31/2022,935,945.9,905,927.8,-0.77,24885,22945844,-1
6/1/2022,930,937,915,931,0.34,8733,8067757.2,1
6/2/2022,945,945,900,915,-1.72,29228,26575195.1,-1
6/3/2022,897,914,890,904,-1.2,14867,13366302.2,-1
6/6/2022,906,915,888,910,0.66,12185,11008694.4,1
6/7/2022,922,922,880,889,-2.31,12180,10805245.4,-1
6/8/2022,872.2,940,872.2,925,4.05,14430,13175115.9,1
6/9/2022,930,939,895,906.9,-1.96,22172,20215204.9,-1
6/10/2022,906.9,906.9,881,888.2,-2.06,6406,5718460.1,-1
6/13/2022,890,905.1,875,890,0.2,8215,7247166,1
6/14/2022,883,905,855,855,-3.93,15545,13447752.6,-1
6/15/2022,853,870,842.9,865,1.17,146823,125714649.7,1
6/16/2022,850,899.6,850,895,3.47,159073,138897151.4,1
6/17/2022,899,912,885,890,-0.56,112759,101470879.9,-1
6/19/2022,891,891,849.8,867.5,-2.53,117343,102989761.8,-1
6/20/2022,867.5,867.5,835,853,-1.67,128182,109226722.2,-1
6/21/2022,845,880,838,880,3.17,136279,117292842.2,1
6/22/2022,875,885,844,860,-2.27,12801,11044761,-1
6/23/2022,865,865,828.5,850,-1.16,22562,18919955.8,-1
6/24/2022,859.9,870,835,867,2,14587,12389771.8,1
6/26/2022,883.9,916.9,870,916.9,5.76,51086,45202194.1,1
6/27/2022,920,921.8,874,880,-4.02,42005,37445281,-1
6/28/2022,863,879.9,850,864,-1.82,28864,24750723.2,-1
6/29/2022,851,886.9,851,875,1.27,12249,10724066.4,1
6/30/2022,890,911,883,910,4,34324,30923907.6,1
7/1/2022,928.2,928.2,893.5,895,-1.65,26002,23485213.7,-1
7/3/2022,890,953,885.1,948,5.92,36721,33902958.6,1
7/4/2022,966.9,973,910,938,-1.05,62641,59627639.3,-1
7/5/2022,925,956,898.7,901,-3.94,41885,38438490.3,-1
7/6/2022,917,919,875,912,1.22,27691,24715289.9,1
7/7/2022,929.9,930.2,890,891,-2.3,27912,25184093.4,-1
7/8/2022,882,911.7,870,879,-1.35,42351,37344917.1,-1
7/11/2022,890,890,841,845,-3.87,44078,37505766,-1
7/12/2022,861,865,835,840.4,-0.54,46784,39513560.3,-1
7/13/2022,857.2,890,845,889,5.78,74362,64049616.2,1
7/14/2022,902.9,902.9,870,887,-0.22,55173,48769606.1,-1
7/15/2022,871.1,893,871.1,878.9,-0.91,13897,12197972.7,-1
7/17/2022,879,879,860,863.9,-1.71,51593,44604008.8,-1
7/18/2022,870,879.9,856,879,1.75,46620,40473303.5,1
7/19/2022,875.1,892.5,870,880,0.11,57669,50702165.4,1
7/20/2022,889,889.8,865.1,888,0.91,37398,33067830.2,1
7/21/2022,888,922,871,894.9,0.78,36206,32366212.6,1
7/22/2022,895,895,867,871,-2.67,21218,18582480.4,-1
7/24/2022,888.4,925,870,925,6.2,27976,24920659.2,1
7/25/2022,924,941,911.1,929.9,0.53,124350,115107405.4,1
7/26/2022,934,937,897,900,-3.22,49855,45549371.3,-1
7/27/2022,891,927,882,927,3,39149,35332626,1
7/28/2022,915,944.5,907.5,935,0.86,55559,51496022.1,1
7/29/2022,935,983,916.3,959,2.57,51727,49052642.7,1
7/31/2022,960,1007.7,960,980,2.19,154031,152320485.5,1
8/1/2022,999,999,965,971.9,-0.83,72707,71017524.6,-1
8/2/2022,972,987,945,963,-0.92,51573,49411242.8,-1
8/3/2022,954,972,947,952,-1.14,39472,37811112.7,-1
8/4/2022,950,950,929,929,-2.42,51721,48524240.2,-1
8/5/2022,929,938,912.4,938,0.97,51628,47570326.7,1
8/7/2022,938,955,921,955,1.81,55868,52339882.2,1
8/8/2022,946,960,927,927,-2.93,34532,32485917,-1
8/9/2022,912.1,939,872.2,888,-4.21,87047,77893429.1,-1
8/10/2022,870.3,895,853,880,-0.9,53505,46861226.8,-1
8/11/2022,870.2,895,865,865,-1.7,41166,36094571.4,-1
8/14/2022,870,875,850,860,-0.58,29580,25576863.8,-1
8/15/2022,870,923,863,920,6.98,76147,68578771.2,1
8/16/2022,925,938,901,912.5,-0.82,60891,56171550.5,-1
8/17/2022,930.7,930.7,895,914,0.16,36527,33314141.5,1
8/18/2022,929,938.5,907,938,2.63,46804,43563288.7,1
8/21/2022,929,955,915.8,921.1,-1.8,69871,65435105.3,-1
8/22/2022,934,934,913,915,-0.66,21653,19886070.3,-1
8/23/2022,905,927,905,920,0.55,27354,24997153.9,1
8/24/2022,935,935,906,914.9,-0.55,19568,17889533.5,-1
8/25/2022,920,924,890,897,-1.96,24505,22074650,-1
8/26/2022,907,943,882.1,903.7,0.75,43622,39057864.2,1
8/28/2022,905,907.9,883,901,-0.3,55747,49713193.9,-1
8/29/2022,919,919,883,910,1,125140,112576778.6,1
8/30/2022,910,955,893,940,3.3,104965,95772575.5,1
8/31/2022,930,930,900,927.9,-1.29,117457,107483621.7,-1
9/1/2022,911,916,893,915,-1.39,135652,122705656.7,-1
9/2/2022,900,918,893,912,-0.33,111704,100498848.7,-1
9/4/2022,895,912,893.1,895,-1.86,72866,65337082.9,-1
9/5/2022,895,905,885,885,-1.12,25058,22317466.2,-1
9/6/2022,902.7,902.7,869,870,-1.69,43347,38050869,-1
9/7/2022,885,885,865,870,0,59346,51560299.4,0
9/8/2022,875,875,860.3,862,-0.92,26769,23205201.3,-1
9/11/2022,878.9,879,860,860.4,-0.19,23813,20555716.4,-1
9/12/2022,870,874,850,854,-0.74,22132,18962034.9,-1
9/13/2022,860,867,853.1,859.8,0.68,18430,15845215.8,1
9/14/2022,869,887,861,883,2.7,30005,26272778.8,1
9/15/2022,888,893,845,849,-3.85,78082,66877587.2,-1
9/16/2022,840,854.8,823,850,0.12,27275,22864170.6,1
9/18/2022,850,865,828.6,829,-2.47,63945,53497599,-1
9/20/2022,840,840,816.3,817,-1.45,21524,17642547.8,-1
9/21/2022,832.9,833,817,820,0.37,13011,10699834.8,1
9/22/2022,834.8,834.8,812,814,-0.73,17427,14235691.7,-1
9/25/2022,808,824,803,806,-0.98,16874,13642765.2,-1
9/27/2022,822,822,804,810,0.5,21502,17459193.5,1
9/28/2022,813,826,810,810,0,15145,12335990.5,0
9/29/2022,810,820,809,810,0,32423,26295519.9,0
10/9/2022,826,829.9,815,828.9,2.33,17643,14488013.1,1
10/10/2022,845,845,810,820,-1.07,17325,14222217.9,-1
10/11/2022,827,827,806.2,810,-1.22,23765,19274735.3,-1
10/12/2022,825,825,805,815.5,0.68,16965,13790799,1
10/13/2022,824,827,810,814,-0.18,25682,20965590.4,-1
10/16/2022,826.9,826.9,810,810,-0.49,16092,13091291.7,-1
10/17/2022,813,820,809.1,815,0.62,8434,6855032.8,1
10/19/2022,831,831,805,806,-1.1,13133,10615081.7,-1
10/20/2022,806.3,814,805,807.3,0.16,8065,6531104.6,1
10/23/2022,818,820,808,814.2,0.85,17266,14054812.3,1
10/31/2022,820,832,810.1,832,2.19,11528,9466288.1,1
11/1/2022,835,869,820,869,4.45,25491,21706974,1
11/2/2022,870,893,855,870,0.12,42072,36873092.2,1
11/3/2022,875,875,854,859,-1.26,26062,22437643.1,-1
11/6/2022,859,891.4,859,884,2.91,24715,21735142.4,1
11/7/2022,898,900,870.1,880,-0.45,38986,34500841.3,-1
11/8/2022,881,890,867,876.1,-0.44,17721,15571248,-1
11/9/2022,893,893,851,855,-2.41,20211,17391849.3,-1
11/10/2022,855,864.9,840.1,845,-1.17,19165,16195146.3,-1
11/13/2022,842,859,840,844,-0.12,12627,10687222.2,-1
11/14/2022,840,865,840,864,2.37,10894,9257977.4,1
11/15/2022,865,875,852,857,-0.81,54008,46722231.8,-1
11/16/2022,860,865,848,859.2,0.26,7808,6716207.3,1
11/17/2022,875,875,860,870,1.26,32538,28190880.8,1
11/22/2022,871,890,855,859,-1.26,16150,14025811.2,-1
11/23/2022,870,870,844,852,-0.81,14268,12157573.4,-1
11/24/2022,864,869,851,869,2,9936,8546139,1
11/27/2022,869,885,866,885,1.84,111675,97963833.3,1
11/28/2022,887,895,870,875,-1.13,25599,22549354.5,-1
11/29/2022,880,889,867.1,880,0.57,14036,12314459.9,1
11/30/2022,890,890,875,876.2,-0.43,7550,6637732.2,-1
12/1/2022,893.7,893.7,874,881,0.55,24002,21198358,1
12/4/2022,890,890,875,889,0.91,38812,34357590.8,1
12/5/2022,886,890,869,871,-2.02,17667,15490835,-1
12/6/2022,884,884,865,872,0.11,9186,7992379.7,1
12/7/2022,861,878,861,868.6,-0.39,9359,8131998.2,-1
12/11/2022,879,885.9,858,858,-1.22,14323,12409373.3,-1
12/12/2022,869,922,854.1,922,7.46,15365,13301984.5,1
12/13/2022,903.6,912,874,909.9,-1.31,67105,60371847.8,-1
12/14/2022,902,914,895,909,-0.1,59297,53913189.1,-1
12/15/2022,895.1,915,895.1,903.3,-0.63,58745,53385974.2,-1
12/18/2022,900,907.9,885,887,-1.8,54549,48963178.2,-1
12/19/2022,887,921,887,915,3.16,41541,37664859,1
12/20/2022,920,945,903.1,931,1.75,68574,63837218.6,1
12/21/2022,945,945,912,917,-1.5,32531,30060477.4,-1
12/22/2022,898.7,953,860,953,3.93,171553,149950346.9,1
12/26/2022,934,934,875,900,-5.56,235177,208807244.9,-1
12/27/2022,900,917,896,915.9,1.77,155133,140208408.9,1
12/28/2022,934,934,892,898,-1.95,43881,39605148.5,-1
12/29/2022,898,911,891,910,1.34,120931,109248002.2,1
1/1/2023,928.2,932,909,922,1.32,215904,198801321.5,1
1/2/2023,903.6,903.6,879,885,-4.01,94264,83585915,-1
1/3/2023,881.1,941,868,869,-1.81,89764,79040343.8,-1
1/4/2023,886,902,875,895,2.99,113214,100431906.7,1
1/5/2023,895,908,880,885,-1.12,52409,46464432.1,-1
1/8/2023,885,895,880,882.9,-0.24,59479,52762033.3,-1
1/9/2023,900.5,905,883,895,1.37,98408,87844238.6,1
1/10/2023,905,933,877.1,879,-1.79,163518,148178520,-1
1/12/2023,896,910,868,868.3,-1.22,56435,49751274.7,-1
1/17/2023,880,886,866.1,879,1.23,36669,32121992.4,1
1/18/2023,872,892,870,874,-0.57,108034,95131807.5,-1
1/19/2023,875,879.9,865.2,867,-0.8,40453,35248641.6,-1
1/23/2023,875,875,855,859,-0.92,62199,53698552.7,-1
1/24/2023,852,896,850,889,3.49,149890,129107396,1
1/25/2023,880,889.8,867,869.9,-2.15,56067,49126206.9,-1
1/26/2023,887.2,887.2,859.2,865,-0.56,28285,24528471.5,-1
1/29/2023,882,882,851,852,-1.5,42494,36571761,-1
1/30/2023,868,868,840,841,-1.29,59696,50546869.6,-1
1/31/2023,856,856,836,836,-0.59,33308,28017194,-1
2/1/2023,819.3,868,819.3,839,0.36,46155,38727387.6,1
2/2/2023,855.7,855.7,833,833.3,-0.68,18911,15861834.2,-1
2/5/2023,846,846,827,835,0.2,36242,30207973.1,1
2/6/2023,844,844,830,834,-0.12,28674,23850347.8,-1
2/7/2023,835,854,835,854,2.4,33627,28430895.1,1
2/8/2023,837,866,837,852,-0.23,43049,36787248.4,-1
2/9/2023,835,858,835,848,-0.47,20363,17317622,-1
2/12/2023,831.2,853,831.2,834,-1.65,39583,33320834.7,-1
2/14/2023,848,848,833,835,0.12,14750,12359166.6,1
2/15/2023,835.1,842,828,830,-0.6,21537,17956130.2,-1
2/16/2023,835,840.8,825,837,0.84,17417,14460526.7,1
2/20/2023,830,835,823.3,823.3,-1.64,23621,19596947.9,-1
2/22/2023,839,839,826,834,1.3,23713,19701072.4,1
2/23/2023,826,838,817,820,-1.68,28766,23658175.6,-1
2/26/2023,815,825,805,820.1,0.01,24360,19874050.6,1
2/27/2023,836.5,836.5,813,824.9,0.59,15805,12949751.6,1
2/28/2023,837.9,837.9,818,818,-0.84,17095,14077574,-1
3/1/2023,829.3,829.3,814,815.2,-0.34,14125,11531782.9,-1
3/2/2023,826,826,811,811,-0.52,16158,13165969.1,-1
3/5/2023,824,824,806.1,807,-0.49,15517,12570717.6,-1
3/7/2023,810,820,805.3,810,0.37,7177,5825724.1,1
3/9/2023,820,824.9,811,824,1.73,13679,11200144.8,1
3/12/2023,840.4,840.4,815,817,-0.85,15891,13077066,-1
3/13/2023,833.3,833.3,810,814,-0.37,13798,11244490.9,-1
3/14/2023,827.5,827.5,810,819,0.61,11145,9102710.1,1
3/15/2023,820,821,812.3,815,-0.49,11515,9393870.4,-1
3/16/2023,818,819,812.2,815.8,0.1,8860,7223123.9,1
3/19/2023,816,826,814,817,0.15,8415,6891176.3,1
3/20/2023,828.9,828.9,818,822,0.61,5523,4534832.9,1
3/22/2023,830,833.9,813.4,819.5,-0.3,11790,9697738,-1
3/23/2023,815,819.9,810,811,-1.04,10763,8758774,-1
3/26/2023,811,824,807.7,812,0.12,13639,11056101.2,1
3/27/2023,795.8,819.8,795.8,814.1,0.26,16743,13574248.3,1
3/28/2023,830.3,830.3,810,813,-0.14,23201,18955840,-1
3/29/2023,815,820,811,816,0.37,8185,6669956.6,1
3/30/2023,826,826,810,814,-0.25,14105,11508542.2,-1
4/2/2023,828,828,806,812,-0.25,14656,11897990.6,-1
4/3/2023,806,822,806,808,-0.49,11957,9659131.9,-1
4/4/2023,808,812,803,806,-0.25,9180,7405042.8,-1
4/5/2023,806,815,791,809.5,0.43,8026,6471709.5,1
4/6/2023,815,819.5,807.1,807.5,-0.25,7334,5948515.5,-1
4/9/2023,804,809,797.2,799.9,-0.94,12745,10227866.5,-1
4/10/2023,800,805,795.3,797,-0.36,9668,7724638.6,-1
4/11/2023,810,810,794,805,1,14347,11462993.9,1
4/12/2023,820,828,808,828,2.86,12123,9931466.2,1
4/13/2023,830,838,815,818,-1.21,10302,8484934.1,-1
4/16/2023,805,829,805,819,0.12,15348,12524502.7,1
4/17/2023,806,828,806,814,-0.61,7349,5993891.2,-1
4/18/2023,798,824,798,817,0.37,11557,9416324.4,1
4/19/2023,825,825,813,817,0,2362,1932855.8,0
4/20/2023,830,830,810,810,-0.86,6527,5306680,-1
4/23/2023,800.1,810,800.1,807,-0.37,10386,8377571.1,-1
4/24/2023,803,812,803,809.8,0.35,5625,4538127.4,1
4/25/2023,808,814.9,808,814,0.52,5849,4746047.6,1
4/26/2023,807,820,807,811,-0.37,8183,6659163.5,-1
4/27/2023,814,814,805,806,-0.62,6808,5497544.3,-1
4/30/2023,809,813,802,802,-0.5,22126,17813777.3,-1
5/2/2023,802,805,798.1,802.9,0.11,28548,22846174.7,1
5/3/2023,800.1,813.8,798.1,800,-0.36,16762,13410546.9,-1
5/4/2023,809,809,796,801,0.13,18637,14887444.8,1
5/7/2023,799.1,808,798.1,798.1,-0.36,10939,8783540,-1
5/8/2023,813,813,796,796.1,-0.25,12843,10239848.3,-1
5/9/2023,810,810,795,799.9,0.48,18957,15138744.2,1
5/10/2023,796,800,789,794,-0.74,32368,25621656.8,-1
5/11/2023,799,799,774.2,790,-0.5,40306,31506363,-1
5/14/2023,800,800,770,773,-2.15,26672,20750918.8,-1
5/15/2023,787,787,763.2,769.5,-0.45,23018,17714950.7,-1
5/16/2023,760,775,758,758,-1.49,19671,15041852.1,-1
5/17/2023,770,780.5,763,777,2.51,61570,47428567.3,1
5/18/2023,792,792,775.1,779.2,0.28,110951,86348436.8,1
5/21/2023,794,795,780.1,782,0.36,46307,36490564.7,1
5/22/2023,780,789,775,779,-0.38,18874,14727202.2,-1
5/23/2023,780,798.9,780,795,2.05,114275,89927945.2,1
5/24/2023,797,805,792.9,805,1.26,55535,44338874.3,1
5/28/2023,810,811,794.2,800,-0.62,113656,91302808.3,-1
5/30/2023,816,816,770,774.9,-3.14,75168,58462669.2,-1
5/31/2023,770,779.5,759.5,764.5,-1.34,57870,44239396.1,-1
6/1/2023,766,775,758,767.5,0.39,27532,21212468.7,1
6/4/2023,770,801.1,770,787,2.54,22807,17975129.7,1
6/5/2023,789,795,776.3,778.1,-1.13,34273,26921068.1,-1
6/6/2023,788,788,774.3,777,-0.14,93806,72970656.8,-1
6/7/2023,788,824,777.2,780,0.39,83162,65290263,1
6/8/2023,770,799,768.4,775,-0.64,106070,82231191.3,-1
6/11/2023,775,788.9,768,779,0.52,104412,81264954.1,1
6/12/2023,785,813.9,779,783,0.51,61440,48181388.1,1
6/13/2023,798.6,800,778,788,0.64,66446,52582766.7,1
6/14/2023,795,832,793.1,809,2.66,158579,128822224.4,1
6/15/2023,809,820,798,811,0.25,46735,37700130,1
6/18/2023,827,861.9,809,858.3,5.83,176751,147489523.1,1
6/19/2023,875,900,867,895,4.28,203411,181334562.4,1
6/20/2023,900,910,870,872,-2.57,114493,102060674.1,-1
6/21/2023,872,890,862,870,-0.23,97562,85374640,-1
6/22/2023,870,892,870,878,0.92,64507,56778006.6,1
6/25/2023,890,952,881,919,4.67,202761,184186089.8,1
6/26/2023,926.5,955,910,920,0.11,75403,70033271.7,1
6/27/2023,930,985,910,952,3.48,97573,91335008.6,1
6/28/2023,950,950,910,915,-3.89,107004,98797320.7,-1
7/2/2023,930,930,887,889,-2.84,76323,68905468,-1
7/3/2023,889,895,871.7,877,-1.35,66244,58471852.5,-1
7/4/2023,885,893.9,875,892,1.71,32624,28810037.9,1
7/5/2023,909.8,909.8,870,873,-2.13,36675,32249379.2,-1
7/6/2023,880,886.4,861.5,870,-0.34,29813,26008280.2,-1
7/9/2023,870,900,870,899,3.33,39333,35159418.9,1
7/10/2023,916.9,916.9,890,900,0.11,40015,36071247.6,1
7/11/2023,905,916,891.2,898,-0.22,20063,18019774.5,-1
7/12/2023,915,915,900,910,1.34,94463,85480942.9,1
7/13/2023,919,924.9,900,902.3,-0.85,131115,118448514.5,-1
7/16/2023,914,914,903.7,906.9,0.51,24783,22498317.9,1
7/17/2023,916.9,920,900.1,918,1.22,36302,33141391.5,1
7/18/2023,930,930,916.5,923,0.54,41417,38161633.8,1
7/19/2023,929.9,929.9,912,915,-0.87,32094,29436994.6,-1
7/20/2023,919,924,910,912,-0.33,34496,31517039.3,-1
7/23/2023,913,930,906,922,1.1,42672,39221823.6,1
7/24/2023,926,939,910,932,1.08,109645,102002002.2,1
7/25/2023,950.6,950.6,912.5,912.5,-2.09,48767,44998315.7,-1
7/26/2023,930.7,930.7,910.1,913,0.05,22876,20948906.1,1
7/27/2023,920,920,900,900,-1.42,33243,30105632.1,-1
7/30/2023,900.1,909,880.2,885,-1.67,33678,30053261.5,-1
7/31/2023,876,900,876,886.5,0.17,15425,13709115.4,1
8/1/2023,890,903.9,870,877,-1.07,23012,20223918.2,-1
8/2/2023,882,888,875,878.9,0.22,14691,12895933.4,1
8/3/2023,896.4,896.4,874,877.9,-0.11,13892,12250719.9,-1
8/6/2023,894,894,860,870,-0.9,27076,23511788.1,-1
8/7/2023,875,879,865,869,-0.11,18040,15708869.4,-1
8/8/2023,870,875,853,853,-1.84,22867,19683904.2,-1
8/9/2023,855,895,845.1,885,3.75,20804,17951166.3,1
8/10/2023,867.3,903,867.3,894,1.02,23414,20944874.8,1
8/13/2023,876.2,909,876.2,896.2,0.25,26530,23825026.7,1
8/14/2023,901,904,889,890,-0.69,14776,13182546.3,-1
8/15/2023,878,895,878,885,-0.56,21232,18770110.1,-1
8/16/2023,877.1,881.1,860.1,873.9,-1.25,50296,43929494.8,-1
8/17/2023,873,880,867.3,873,-0.1,18623,16234365.1,-1
8/20/2023,875,878.5,856,859,-1.6,14577,12578131.6,-1
8/21/2023,858,872.5,852.2,862,0.35,15751,13582293.1,1
8/22/2023,875,875,860,873,1.28,10893,9431680.5,1
8/23/2023,879.5,890,877,878.1,0.58,10744,9468265.1,1
8/24/2023,875,889,866,875,-0.35,13331,11630740.4,-1
8/27/2023,890,890,865,869,-0.69,16859,14656709.3,-1
8/28/2023,874.9,875,865,870,0.12,10231,8907516,1
8/29/2023,874.9,874.9,854.9,869.9,-0.01,35039,30179210.7,-1
8/30/2023,870,870,850,865,-0.56,32666,28101637.4,-1
9/3/2023,850,868,850,855,-1.16,12011,10269681.3,-1
9/4/2023,860,860,846.5,859,0.47,11936,10170718.7,1
9/5/2023,860,865,855,861,0.23,6612,5685677.3,1
9/7/2023,860,865,830,840,-2.44,34921,29376107.9,-1
9/10/2023,842,854.7,835,840,0,15652,13200480.7,0
9/11/2023,840,854,840,845,0.6,37780,31992157.4,1
9/12/2023,861,861,845,850,0.59,9063,7700967.1,1
9/13/2023,865,871,855,870,2.35,17650,15240212.6,1
9/17/2023,865,880,850,856.9,-1.51,12927,11123958.3,-1
9/18/2023,869,869,850,861,0.48,4533,3893563.5,1
9/19/2023,861,867,855,861,0,3950,3403557.5,0
9/21/2023,878,887,865,877,1.86,21896,19165739.6,1
9/24/2023,868,880,867.1,870.5,-0.74,18097,15803101.2,-1
9/25/2023,871,879,865,869,-0.17,4257,3706101.3,-1
9/26/2023,886.3,886.3,870,873,0.46,11051,9639957.6,1
9/27/2023,860.1,877.3,860.1,865,-0.92,11335,9825445.1,-1
10/1/2023,865,865,850.1,852,-1.5,7665,6558214.4,-1
10/2/2023,868.9,868.9,849,855.9,0.46,11178,9525977.2,1
10/3/2023,850,866.4,848,849,-0.81,7530,6411400.4,-1
10/4/2023,863.9,863.9,849.2,851.7,0.32,8183,6963763.7,1
10/5/2023,866.9,866.9,850,850,-0.2,8845,7527010.1,-1
10/8/2023,866,866,835.1,841,-1.06,10738,9050558.3,-1
10/9/2023,840,844,831.2,834,-0.83,10799,9027368.6,-1
10/10/2023,840,849.7,827,829,-0.6,10882,9064703.3,-1
10/11/2023,825.1,839,825.1,831,0.24,10625,8849010.4,1
10/12/2023,845,845,830.1,831,0,16466,13688925.6,0
10/16/2023,833,835,826,827.6,-0.41,13776,11419404.3,-1
10/17/2023,830,843.5,830,832.1,0.54,8652,7246357,1
10/18/2023,842.9,847,840,846.6,1.74,5640,4759331.1,1
10/19/2023,850,855,832,852.8,0.73,15773,13385132.6,1
10/29/2023,869,869,841,843.1,-1.14,6340,5359996,-1
10/30/2023,843,850,839.1,847.7,0.55,7017,5927669.3,1
10/31/2023,864.5,864.5,845,847.4,-0.04,4360,3701158,-1
11/1/2023,847.5,854,840,848,0.07,6120,5191570.1,1
11/2/2023,850,850,840,842,-0.71,4272,3611449.1,-1
11/5/2023,840.1,842,835.9,838,-0.48,12629,10588340.4,-1
11/6/2023,838,850,838,844,0.72,8444,7120869.9,1
11/7/2023,850,855,845.2,851.9,0.94,6146,5231521,1
11/8/2023,852,853.5,845,850.9,-0.12,4003,3401174.1,-1
11/9/2023,850.9,850.9,829.2,848.4,-0.29,18156,15236425.1,-1
11/20/2023,864.9,864.9,841,849,0.07,6911,5888744.7,1
11/21/2023,857,857,840,840,-1.06,9094,7679886.3,-1
11/22/2023,850,850.8,840,849.8,1.17,4717,3991539.1,1
11/23/2023,849,855,838.3,853,0.38,6308,5353257.9,1
11/26/2023,855,870,851.1,868,1.76,13742,11875484.3,1
11/27/2023,868,885,863,870,0.23,11511,10041216.7,1
11/28/2023,886.8,886.8,862.1,863,-0.8,7746,6720881.6,-1
11/29/2023,865,870,862.1,864,0.12,10774,9328340.4,1
11/30/2023,865,870,858.1,865,0.12,9228,7958458,1
12/3/2023,879,879,857.1,860,-0.58,5350,4611374.6,-1
12/4/2023,875,875,855,858,-0.23,7178,6173118.5,-1
12/5/2023,856,870,852,853,-0.58,7401,6342207.7,-1
12/6/2023,851,855,848,852,-0.12,18921,16085447.3,-1
12/7/2023,855,860,850,855,0.35,9190,7850643.9,1
12/10/2023,872.1,890,872.1,889.9,4.08,2880,2553217.3,1
12/11/2023,900,900,866,880,-1.11,30906,27299617,-1
12/12/2023,880,905,870,903,2.61,43984,39404489,1
12/13/2023,905,916,895,897,-0.66,37042,33647876.1,-1
12/14/2023,896,908,893.5,901,0.45,15328,13825548.1,1
12/17/2023,919,921,890,919,2,43044,39387335.2,1
12/18/2023,926.5,955,916,943,2.61,88924,83472490,1
12/19/2023,959,959,930,946,0.32,42626,40127770.4,1
12/20/2023,957,960,938,949,0.32,78551,74308699.7,1
12/21/2023,960,977,934,940.1,-0.94,76644,72748336.2,-1
12/24/2023,958.9,1000,953,955,1.58,135461,132003598.2,1
12/27/2023,965,969,931,942,-1.36,54905,51923615.7,-1
12/28/2023,958,960,935,941,-0.11,27938,26329199.1,-1
1/1/2024,955,955,935,942,0.11,55788,52715364.2,1
1/2/2024,945,945,937,940,-0.21,44608,41951653.5,-1
1/3/2024,943,958,940,955,1.6,86089,81601306,1
1/4/2024,936,936,903,903,-5.45,60493,55379722.8,-1
1/7/2024,900,903,870,873,-3.32,64380,56599053.2,-1
1/8/2024,875,891,865,884,1.26,39425,34687691.5,1
1/9/2024,900,908,893,895,1.24,76532,68781398.2,1
1/10/2024,905,915,895,912,1.9,57777,52576053,1
1/11/2024,918,918,890.1,893,-2.08,30715,27641912.6,-1
1/14/2024,905,910.8,900,900.9,0.88,20626,18636430.6,1
1/16/2024,915,915,890,898,-0.32,49827,44836679.1,-1
1/17/2024,910,916,887.3,900,0.22,67387,60799164.9,1
1/18/2024,882,907.8,882,884,-1.78,36676,32579202.2,-1
1/21/2024,885.1,898.6,870,873,-1.24,42218,37184284.9,-1
1/22/2024,875,880,865.3,867,-0.69,19443,16958449.6,-1
1/23/2024,867,874,860,868.9,0.22,16920,14698672.3,1
1/24/2024,875.9,900,869,870,0.13,19150,16772332.6,1
1/25/2024,870,876,860.1,867.9,-0.24,23071,20013153.3,-1
1/28/2024,882,882,864.6,875,0.82,24999,21740095,1
1/29/2024,875,910,873.9,878,0.34,22068,19437362.3,1
1/30/2024,895,912.9,880,883.7,0.65,35024,31062828.8,1
1/31/2024,900,919.3,866,878,-0.65,22328,19637534.7,-1
2/1/2024,877.8,889,865,869,-1.03,10944,9533120.5,-1
2/4/2024,869.5,871,851.7,865,-0.46,16378,14167838,-1
2/5/2024,870,951.5,865.1,951.5,10,30479,26914054.6,1
2/6/2024,932.5,932.5,880,903,-5.1,81720,73593735.2,-1
2/7/2024,903,903,888,890,-1.44,27937,24913323,-1
2/8/2024,907,907,877,887,-0.34,18842,16694219.7,-1
2/11/2024,898.9,898.9,880,881,-0.68,19935,17690775.2,-1
2/12/2024,878,890,864,880,-0.11,16664,14647655.2,-1
2/13/2024,880,880,865,865,-1.7,51665,44982847.4,-1
2/14/2024,868,941.6,860,877,1.39,24753,21671085.5,1
2/15/2024,885,885,860,867,-1.14,22439,19443517.2,-1
2/18/2024,860,870,853,860,-0.81,26000,22388381.7,-1
2/20/2024,860,874,855,859,-0.12,17433,15016892.4,-1
2/21/2024,869,869,848,855,-0.47,17903,15296541.5,-1
2/22/2024,872.1,872.1,846,847,-0.94,27725,23654372.9,-1
2/25/2024,847,850,834.1,834.1,-1.52,28333,23811530.1,-1
2/26/2024,835,849,834,845,1.31,15091,12650909.6,1
2/27/2024,854.9,854.9,838,843.9,-0.13,8580,7221422.4,-1
2/28/2024,844,850,837,843,-0.11,15047,12682471.2,-1
2/29/2024,850,850,835,836,-0.83,19878,16680386.4,-1
3/3/2024,840,846,825.2,831,-0.6,23122,19219307.6,-1
3/4/2024,847.6,881.2,847.6,880,5.9,1405,1231228,1
3/5/2024,880,880,840,840,-4.55,29705,25327249.8,-1
3/6/2024,856.8,856.8,837.1,845,0.6,14915,12584435.8,1
3/7/2024,859,865,845,855,1.18,13007,11128791.6,1
3/10/2024,869.9,872,856,859.9,0.57,10552,9067195.5,1
3/12/2024,877,877,859,868,0.94,24704,21384289.7,1
3/13/2024,885.3,885.3,856,866,-0.23,18601,16165487.5,-1
3/14/2024,860,872.9,855,865,-0.12,15738,13561766.9,-1
3/17/2024,865,874,855.1,859,-0.69,7075,6100994.7,-1
3/18/2024,855,875,848,869,1.16,33901,29485119.5,1
3/19/2024,858,875,858,865,-0.46,13044,11305608.1,-1
3/20/2024,860,875,858.2,858.2,-0.79,16737,14415105.7,-1
3/21/2024,866,867,849.9,854,-0.49,13948,11912600.8,-1
3/25/2024,854,860,846.8,846.8,-0.84,9328,7918186.6,-1
3/26/2024,847,854,840,847.8,0.12,11650,9885966.2,1
3/27/2024,848,858,842,845,-0.33,11455,9693058.8,-1
3/28/2024,849.9,850,840,847.6,0.31,15889,13400392.7,1
3/31/2024,850,850,840,840.1,-0.88,20723,17448203.8,-1
4/1/2024,836,848,836,839,-0.13,17835,15013633.1,-1
4/2/2024,842,843,836.2,838,-0.12,13426,11270222,-1
4/3/2024,850,850,832,839,0.12,15261,12787590.1,1
4/4/2024,839,840,833.5,833.6,-0.64,14947,12497558.9,-1
4/7/2024,850,850,833,840,0.77,8488,7116861.3,1
4/9/2024,856.8,856.8,839.9,845,0.6,13314,11223162.2,1
4/10/2024,838,853.8,833,834,-1.3,17949,15009699.3,-1
4/14/2024,848.8,848.8,830,836,0.24,10311,8604460.9,1
4/15/2024,844.8,844.8,825,832,-0.48,20137,16741929.1,-1
4/16/2024,815.4,834.9,815.4,827,-0.6,18794,15560447.5,-1
4/18/2024,826,831.9,815,819,-0.97,56097,46203835,-1
4/21/2024,835,835,819,828.9,1.21,30750,25271549.4,1
4/22/2024,825,835,820.2,825.3,-0.43,7505,6212557.5,-1
4/24/2024,826,834,822,828.9,0.44,11293,9356275.7,1
4/25/2024,829,834,825.1,827,-0.23,13183,10923287.5,-1
4/28/2024,810.5,841,810.5,836,1.09,9166,7618466.4,1
4/29/2024,835,839.5,829,829.3,-0.8,13398,11134572.7,-1
4/30/2024,840,840,822,829.8,0.06,17323,14351605.6,1
5/2/2024,846.3,846.3,819,820,-1.18,21453,17673207.5,-1
5/5/2024,820,824.8,812,814.8,-0.63,23237,18994354.9,-1
5/6/2024,817,817,801,808,-0.83,26775,21644224.6,-1
5/7/2024,810,876.8,803,819,1.36,19347,15755927.2,1
5/8/2024,810,819.8,806,808,-1.34,10826,8776888.8,-1
5/9/2024,822.9,822.9,806,807,-0.12,12325,9968374.9,-1
5/12/2024,816,819,808,812,0.62,14214,11534894,1
5/13/2024,815,823,815,823,1.35,12105,9899525.9,1
5/14/2024,823,833.9,817.3,832,1.09,19903,16402792.3,1
5/15/2024,832,835.3,820,829,-0.36,16617,13787025.2,-1
5/16/2024,845.5,845.5,821,830,0.12,11964,9930894.3,1
5/19/2024,846.6,853,829,850,2.41,35726,30228820.7,1
5/20/2024,850,864.9,850,857,0.82,28542,24472279.8,1
5/21/2024,850,858,850,856,-0.12,8202,6999493.1,-1
5/22/2024,873.1,873.1,843.1,850,-0.7,22913,19518918.5,-1
5/26/2024,851,854,845.2,849,-0.12,14458,12267629.5,-1
5/27/2024,849.5,850,842,847.3,-0.2,8660,7344446.1,-1
5/29/2024,864.2,898.6,840.2,842,-0.63,16838,14372827.4,-1
5/30/2024,826,855,825.8,832.1,-1.18,8298,6956182.5,-1
6/2/2024,835,845,835,843,1.31,9811,8257505.1,1
6/3/2024,850,850,836.1,839.9,-0.37,8088,6793264.1,-1
6/4/2024,856.6,856.6,837.6,840,0.01,5148,4324766.6,1
6/5/2024,856,856,830.3,830.6,-1.12,19370,16128044.2,-1
6/6/2024,844.9,844.9,830.7,833.1,0.3,7218,6018055.6,1
6/9/2024,849.7,849.7,830,831.9,-0.14,13075,10887824.1,-1
6/10/2024,848.5,848.5,827,830,-0.23,26458,21950243.6,-1
6/11/2024,846.6,846.6,828,834,0.48,31882,26476420.8,1
6/12/2024,842,848,831.6,836,0.24,24817,20717111.7,1
6/13/2024,836,838.9,828,832.9,-0.37,28220,23428600.7,-1
6/16/2024,846,846,823,830,-0.35,36497,30212108.5,-1
6/18/2024,829,834.9,815,820,-1.2,43044,35380128.5,-1
6/19/2024,828,828.9,821,822,0.24,10020,8261408.2,1
6/20/2024,838.4,838.4,809.1,816.9,-0.62,63408,51616474.7,-1
6/23/2024,821,870.1,800,816,-0.11,69427,56268687.7,-1
6/24/2024,815,820,802.6,817,0.12,41486,33689031.8,1
6/25/2024,817,820.9,810,817.5,0.06,20410,16670080,1
6/26/2024,833.8,833.8,800,812.9,-0.56,43828,35351272.4,-1
6/27/2024,805,816.9,803,812.9,0,27286,22058438.3,0
6/30/2024,802,879.7,802,809,-0.48,24459,19869915.2,-1
7/1/2024,815,816,800,807.4,-0.2,38953,31342031.6,-1
7/2/2024,823.5,852,812,818,1.31,30500,24924675.6,1
7/3/2024,820,822,812,819,0.12,13705,11210465.4,1
7/4/2024,835.3,835.3,804,810,-1.1,76731,62335035.8,-1
7/7/2024,822,824.8,808.2,819.9,1.22,40969,33432393.3,1
7/8/2024,820,823.9,815,816,-0.48,22093,18075395.3,-1
7/9/2024,821.8,824.9,814,821.1,0.63,22317,18301134.6,1
7/10/2024,805,831,805,827.1,0.73,29463,24341854.1,1
7/11/2024,840,842,832,838,1.32,34297,28684629,1
7/14/2024,854.7,871,843,853.9,1.9,47029,40053587.6,1
7/15/2024,865,869,842,845,-1.04,48019,40854657.7,-1
7/16/2024,850,866,846.2,864,2.25,37773,32403545.3,1
7/17/2024,881.2,881.2,865.1,874,1.16,52761,46078905.7,1
7/18/2024,881,943,877,909,4,101101,91344266.7,1
7/21/2024,910,951.6,910,933.5,2.7,122476,114650241.1,1
7/22/2024,947,947,920,928,-0.59,91348,84975217.9,-1
7/23/2024,946,946,915,939,1.19,73552,68632014.3,1
7/24/2024,943.5,955,917,924,-1.6,101855,94947484.9,-1
7/25/2024,942,942,921,924.1,0.01,56996,52783184.7,1
7/28/2024,942.5,984.3,934,970,4.97,109965,105232429.4,1
7/29/2024,989.4,1000,961,979,0.93,143324,141729065.5,1
7/30/2024,979,992.8,950.6,978.8,-0.02,85284,82713330.3,-1
7/31/2024,993,1019,990,1006,2.78,183752,185377457.9,1
8/1/2024,1026,1026,991.8,1000,-0.6,144657,146142737.2,-1
8/5/2024,1020,1048,1005,1040,4,160572,165599247.7,1
8/6/2024,1040,1109,1011.3,1020,-1.92,286878,305958830.7,-1
8/7/2024,1040,1080,1010,1079,5.78,138044,144577126.3,1
8/8/2024,1099.5,1109,1060,1064,-1.39,117906,127752299.8,-1
8/11/2024,1067,1141.3,1066,1124,5.64,189874,210782588.6,1
8/12/2024,1146.4,1150,1099,1122,-0.18,139467,156673384.1,-1
8/13/2024,1135,1146,1116.1,1125,0.27,115805,131010016.3,1
8/14/2024,1145,1214,1117,1125,0,120217,136105015.8,0
8/15/2024,1125,1125,1104.9,1113.9,-0.99,220875,245854034.4,-1
8/18/2024,1120,1124,1074,1080,-3.04,222154,242678057,-1
8/21/2024,1080,1096,1060,1064,-1.48,106534,113782722.7,-1
8/22/2024,1065,1082.5,1060.1,1068,0.38,94440,101300330.8,1
8/25/2024,1071,1075,1038.1,1039,-2.72,92180,96936176.9,-1
8/27/2024,1059.7,1059.7,1000,1001,-3.66,130523,132458395,-1
8/28/2024,1015,1039.9,995,1003,0.2,83564,84296893.5,1
8/29/2024,1015,1015,988.2,992.1,-1.09,68842,68650558.9,-1
9/1/2024,993,1005,978,984,-0.82,96456,95340846.3,-1
9/2/2024,984,1045,976,1029,4.57,95891,96862131,1
9/3/2024,1044,1044,1018,1030,0.1,92379,95084343.4,1
9/4/2024,1050,1050,988,989.1,-3.97,65524,65881320.8,-1
9/5/2024,985,1003,976,995,0.6,90926,89855925.3,1
9/8/2024,1001,1002,980,981,-1.41,33481,33148735.4,-1
9/9/2024,999,999,967,967,-1.43,66958,65277825.8,-1
9/10/2024,980,999.6,968.3,975,0.83,59563,58265989.2,1
9/11/2024,975.1,992,963,965,-1.03,32622,31758932.6,-1
9/12/2024,984.3,987,960.1,985,2.07,27804,27129890.5,1
9/15/2024,986,995,966.4,967,-1.83,52289,51201716.8,-1
9/16/2024,980,980,941,946.9,-2.08,38521,36656246.2,-1
9/18/2024,950,955,939,942,-0.52,34601,32677318.5,-1
9/22/2024,960.8,979,940,945,0.32,26618,25170323,1
9/23/2024,940,949,927,928,-1.8,30523,28470530,-1
9/24/2024,916.1,935,900.1,903,-2.69,26123,23805445.5,-1
9/25/2024,901,920,895,914,1.22,19780,17919801.9,1
9/26/2024,930,932,912,912,-0.22,25483,23361268.4,-1
9/29/2024,912,915,900,910,-0.22,16387,14840521.6,-1
9/30/2024,926.5,926.5,910,919.9,1.09,10650,9791676,1
10/1/2024,919.9,957,919.9,955.5,3.87,35588,33504768.8,1
10/2/2024,956,979,950,955,-0.05,20834,20094004.2,-1
10/6/2024,945,975,945,968,1.36,18031,17415988.6,1
10/7/2024,950,1000,950,995,2.79,45780,45501766.1,1
10/8/2024,1000,1000,984,990,-0.5,22518,22344732.9,-1
10/9/2024,985,994.9,985,988,-0.2,14408,14234453.1,-1
10/15/2024,988,1000,988,993.5,0.56,9161,9088904,1
10/16/2024,980,1004,980,998.5,0.5,23993,23966818.2,1
10/17/2024,1013,1023,995,1009.5,1.1,41341,41835888.8,1
10/20/2024,1010,1010,976.2,989.9,-1.94,33114,32894761.4,-1
10/21/2024,987,987,973.2,974.1,-1.6,25677,25102051.7,-1
10/22/2024,975,988,975,982.5,0.86,8673,8510710.4,1
10/23/2024,977.8,1000,977,980.1,-0.24,10217,10035366.3,-1
10/24/2024,995,997,977,977,-0.32,19320,18918095.4,-1
10/27/2024,975,980,973,973.1,-0.4,9576,9338385,-1
10/28/2024,989.9,989.9,973.1,974.3,0.12,5223,5099771.6,1
10/29/2024,980,989,976.3,987,1.3,13104,12875332.1,1
10/30/2024,1005,1005,976.1,980.1,-0.7,10317,10140682,-1
11/5/2024,995,995,980,990,1.01,9519,9420590.8,1
11/6/2024,977.1,1001,977.1,989,-0.1,12051,11928538.9,-1
11/10/2024,1000,1068,980,1015,2.63,134838,135672646,1
11/11/2024,1025,1107,997.1,1012,-0.3,80390,81624584.9,-1
11/12/2024,1030,1030,980,995,-1.68,73654,73770019.3,-1
11/13/2024,995,999,981,985,-1.01,45738,45187326.2,-1
11/14/2024,994.9,1000,980,993,0.81,33199,32791148.5,1
11/17/2024,981,999,979,985,-0.81,49529,48952104.8,-1
11/19/2024,1004.7,1004.7,975.1,976,-0.91,27869,27301335,-1
11/20/2024,977.5,979,970.1,979,0.31,26692,26034194.2,1
11/21/2024,980,997,965,965,-1.43,26069,25340012.1,-1
11/24/2024,970,978,960,961,-0.41,34014,32743916.4,-1
11/25/2024,970,1053,960,976,1.56,31501,30826635.2,1
11/26/2024,995,995,975,982.9,0.71,15520,15191671.4,1
11/27/2024,995,1040,983,988.1,0.53,20161,20001551.2,1
11/28/2024,991,999,980,982,-0.62,13035,12816911.1,-1
12/1/2024,1000,1000,967,970,-1.22,17950,17486261.8,-1
12/2/2024,989.4,989.4,958.1,964,-0.62,49707,48084795.8,-1
12/3/2024,983.2,983.2,950,969,0.52,46033,44143949.3,1
12/4/2024,988.3,988.3,951,959,-1.03,24325,23447114.4,-1
12/5/2024,969,969,955,956.1,-0.3,18638,17881989.6,-1
12/8/2024,970,970,945.1,949.1,-0.73,24234,23023674.7,-1
12/9/2024,966.9,966.9,944.1,953.9,0.51,11470,10893984.5,1
12/10/2024,968.5,968.5,950,955,0.12,10810,10339167.5,1
12/11/2024,969,969,951,961.9,0.72,15840,15136660.3,1
12/12/2024,970,970,950,950,-1.24,15518,14805206.6,-1
12/16/2024,969,969,937.9,942,-0.84,23470,22116807.5,-1
12/17/2024,945,949.9,937,946,0.42,12083,11415648.2,1
12/18/2024,946,952,940,942,-0.42,13557,12790791.3,-1
12/19/2024,942,950,930,937,-0.53,23427,21860665.2,-1
12/22/2024,955.7,973,942,943,0.64,41267,39170901.8,1
12/23/2024,945,954,925,942.2,-0.08,19818,18662075.5,-1
12/24/2024,939,952,939,943,0.08,15851,15021487.5,1
12/26/2024,943,950,943,949,0.64,22193,21007270,1
12/29/2024,951,962,951,960.3,1.19,35783,34250243,1
12/31/2024,960.3,965,950.1,952.1,-0.85,24290,23209218.2,-1
1/1/2025,971.1,971.1,948,949.9,-0.23,59232,56381814.5,-1
1/2/2025,931,931,916,919,-3.25,33053,30392148.2,-1
1/5/2025,915.3,920,905,912,-0.76,24125,21967715.7,-1
1/6/2025,930,930,905,914,0.22,17641,16052787.3,1
1/7/2025,932,932,908,914.9,0.1,16020,14619799.4,1
1/8/2025,920,929.9,910.5,912,-0.32,14356,13103317.4,-1
1/9/2025,912,916,905,907,-0.55,23532,21432742.5,-1
1/12/2025,925.1,925.1,900,900.1,-0.76,12889,11628176,-1
1/13/2025,903,904,887.3,888,-1.34,21784,19423527.6,-1
1/15/2025,891,898.9,874,874,-1.58,18678,16505787.6,-1
1/16/2025,875,885,875,878.1,0.47,10441,9159643.3,1
1/19/2025,878.1,885,874.1,879,0.1,11594,10179093.5,1
1/20/2025,892,892,879,879.1,0.01,11172,9876828.6,1
1/21/2025,892,892,880,885,0.67,12751,11259357.8,1
1/22/2025,890,917,889,916.8,3.59,32509,29463934,1
1/23/2025,920,934,920,921,0.46,26075,24120163.3,1
1/26/2025,922,929,907,907,-1.52,17074,15635610.5,-1
1/27/2025,911,913,899.9,901.5,-0.61,12071,10891358.9,-1
1/28/2025,916.9,916.9,900,907,0.61,11351,10248688.3,1
2/2/2025,924,927,910.5,927,2.21,31213,28671854.8,1
2/3/2025,932.5,945,917,920,-0.76,26153,24320064.5,-1
2/4/2025,929.1,929.1,909.9,910,-1.09,24609,22614932.5,-1
2/5/2025,910,920,902,906.5,-0.38,30104,27306098.9,-1
2/6/2025,907,907,900,901.1,-0.6,18337,16537624.9,-1
2/9/2025,905,909.5,890,892,-1.01,16984,15238614.6,-1
2/10/2025,900,900,885,888,-0.45,17702,15744685.6,-1
2/11/2025,888,896.9,882,884,-0.45,16770,14884239.8,-1
2/12/2025,880,890,876,881,-0.34,30008,26421432.3,-1
2/13/2025,881,885,878.1,880,-0.11,16608,14623922.9,-1
2/16/2025,890,890,880.2,885,0.57,12892,11391593.3,1
2/17/2025,898.9,901,885,897,1.36,18497,16546112.2,1
2/18/2025,902,911.9,895.1,910,1.45,30997,28087993.8,1
2/20/2025,910,921,908,910,0,25513,23323952.6,0
2/23/2025,891.8,914.9,891.8,911.5,0.16,25899,23457655.6,1
2/24/2025,929,929,905,917,0.6,45345,41558448.3,1
2/25/2025,920,926.9,910,914.9,-0.23,16855,15417911.6,-1
2/27/2025,926.1,926.1,917,924,0.99,31979,29481945.2,1
3/2/2025,925,974.1,925,969,4.87,85156,81184072.3,1
3/3/2025,988.3,996.3,960.1,963,-0.62,67669,66183620.2,-1
3/4/2025,982.2,982.2,935,941,-2.28,40508,38455728.6,-1
3/5/2025,931,945,923.1,925,-1.7,28910,26893835.8,-1
3/6/2025,943.5,943.5,925,928,0.32,14694,13633168.7,1
3/9/2025,928,933,905,910,-1.94,28346,25996298.8,-1
3/10/2025,910,925,902.1,908,-0.22,15290,13948857.6,-1
3/11/2025,918,922,901,903.9,-0.45,14368,13037628.3,-1
3/12/2025,904,916,904,915,1.23,24898,22635912.6,1
3/16/2025,929.9,929.9,905,909,-0.66,19225,17508867.8,-1
3/17/2025,909,919.9,900.1,905,-0.44,28455,25855169,-1
3/18/2025,923.1,923.1,903,907,0.22,16538,15010424.6,1
3/19/2025,923,923,900,905,-0.22,12317,11124890.7,-1
3/20/2025,921,921,900,901.37,-0.4,17075,15436012.7,-1
3/23/2025,902,902.9,890,891.24,-1.12,21537,19342978.5,-1
3/24/2025,890.9,905,887,902.53,1.27,11099,9959591.6,1
3/25/2025,920.5,920.5,885.1,889.97,-1.39,23561,21075216.7,-1
3/26/2025,905,905,888.1,893.51,0.4,13062,11682097.6,1
3/27/2025,906.8,907,890.1,900.47,0.78,9185,8281981.8,1
3/30/2025,901,915,900,904.29,0.42,23704,21521342.5,1
4/1/2025,903,909.8,900,901.7,-0.29,8809,7951254.5,-1
4/2/2025,901.7,909.6,900.1,902.39,0.08,11705,10564618.9,1
4/3/2025,909.9,909.9,900.2,901.57,-0.09,14483,13081411.2,-1
4/7/2025,900,909.5,892,900.35,-0.14,12613,11343017.4,-1
4/8/2025,895,901,891.1,896.64,-0.41,23207,20815024.9,-1
4/9/2025,914,914,900,900.34,0.41,12518,11307031.7,1
4/10/2025,908.7,908.9,895,896.73,-0.4,19670,17674153.2,-1
4/13/2025,892.2,900,892.2,899.84,0.35,8059,7240024,1
4/15/2025,915,915,897.2,903.95,0.46,11190,10140051.4,1
4/16/2025,903,904.9,881.1,892.68,-1.25,77630,68959393.1,-1
4/17/2025,910.5,910.5,887.1,902.74,1.13,10391,9381422.6,1
4/20/2025,915,915,890,898.67,-0.45,33331,29814962.7,-1
4/21/2025,890.1,904.7,890.1,896.99,-0.19,8776,7883310.5,-1
4/22/2025,914,914,891,893.38,-0.4,11526,10324419.2,-1
4/23/2025,906.4,906.4,890,890.39,-0.33,14084,12571289.1,-1
4/24/2025,891,895.3,890,891.37,0.11,13876,12361187.1,1
4/27/2025,894.8,900,892,894.57,0.36,9998,8941549.7,1
4/28/2025,896,896,888,890.01,-0.51,21672,19311258,-1
4/29/2025,903,903,880,890.05,0,67116,59825568.2,0
4/30/2025,900,900,874.9,876.13,-1.56,32042,28149140.3,-1
5/4/2025,893.5,893.5,875,875.81,-0.04,21824,19149115.6,-1
5/5/2025,876,883.9,872,873.71,-0.24,23179,20282936,-1
5/6/2025,885,885,860,862.04,-1.34,40324,35010019,-1
5/7/2025,862.6,884,858,883.69,2.51,22649,19592465.5,1
5/8/2025,894,894,873,876.14,-0.85,11604,10224596.6,-1
5/11/2025,885,888.9,870,871.84,-0.49,20086,17604038.5,-1
5/13/2025,875,885,865,868.18,-0.42,22571,19621452.7,-1
5/14/2025,860.1,880,860.1,864.23,-0.45,22012,19084274,-1
5/15/2025,879,879,866,868.19,0.46,12215,10602114.7,1
5/18/2025,871,879,867.8,869.09,0.1,22279,19412695.9,1
5/19/2025,865,870,837.9,864.85,-0.49,30016,25909523.7,-1
5/20/2025,865,870,852.5,869.4,0.53,21691,18772273.5,1
5/21/2025,885.5,898.8,870,873.04,0.42,22417,19650723.7,1
5/22/2025,879,888.4,871,879.77,0.77,129924,113687231.8,1
5/25/2025,888,889,878,879.71,-0.01,14683,12963271.5,-1
5/26/2025,888,897,879,879.45,-0.03,13918,12282001.5,-1
5/27/2025,880,880,875,878.94,-0.06,5051,4429089,-1
5/28/2025,875.2,885,870,874.75,-0.48,8772,7670992.7,-1
6/2/2025,875,875,860,865.14,-1.1,40156,34822585.7,-1
6/3/2025,866,866,861.2,862.32,-0.33,20267,17475673.3,-1
6/4/2025,862,865.6,858.9,860.4,-0.22,26338,22642486.3,-1
6/5/2025,867,867,854.3,855.37,-0.58,22405,19177285.4,-1
6/8/2025,872.4,872.4,847.8,849.24,-0.72,31928,27162961.5,-1
6/9/2025,850,851,835,838.29,-1.29,56919,47860100.8,-1
6/10/2025,840,877.9,840,867.97,3.54,416831,359175395.2,1
6/11/2025,868,869,851,853.97,-1.61,18021,15448195.8,-1
6/12/2025,851,867.9,849,854.96,0.12,8879,7589893.4,1
6/15/2025,870.9,870.9,848,848.46,-0.76,24915,21177333.9,-1
6/16/2025,850,863,848,849.96,0.18,13435,11433313.1,1
6/17/2025,850,855,846.3,847.09,-0.34,10717,9092595.7,-1
6/18/2025,846.1,850,844.3,844.6,-0.29,19247,16268804.7,-1
6/19/2025,844.6,848,841,841.64,-0.35,17033,14355733.8,-1
6/22/2025,845,851,838,838.36,-0.39,26643,22381588.3,-1
6/23/2025,840,850,838.1,842.62,0.51,5467,4607729.4,1
6/24/2025,850,852,840,840.52,-0.25,9432,7950349,-1
6/25/2025,841,848,839.1,843.11,0.31,9234,7783371.8,1
6/26/2025,843,850,839,839.88,-0.38,13345,11218313.7,-1
6/29/2025,840,848,838,840.48,0.07,11399,9578063,1
6/30/2025,840,846.4,838,838.34,-0.25,12222,10268111.6,-1
7/1/2025,855.1,855.1,837,840.13,0.21,14718,12350859,1
7/2/2025,841.2,850,841.1,849.64,1.13,14608,12364004,1
7/3/2025,861,866.6,844,846.03,-0.42,32041,27125198.5,-1
7/6/2025,860,860,848.3,851.24,0.62,27701,23605125.1,1
7/7/2025,850,858.7,845,848.77,-0.29,12972,11025125.9,-1
7/8/2025,850,850,844,845.03,-0.44,16713,14129641.5,-1
7/9/2025,843,850,842,846.55,0.18,11850,10042625.6,1
7/10/2025,851,855,849,853.3,0.8,20896,17809605.8,1
7/13/2025,860,877,854.1,858.96,0.66,27361,23508600.3,1
7/14/2025,860,868.9,858,862.55,0.42,22127,19081810.6,1
7/15/2025,862,875,862,874.18,1.35,21895,19045375.7,1
7/16/2025,874.2,885,868.8,877.27,0.35,20939,18388703.7,1
7/17/2025,881,894.9,881,890.89,1.55,47478,42135268.8,1
7/20/2025,899,912,885,895.16,0.48,60959,54891602.5,1
7/21/2025,899,901,887,893.08,-0.23,35423,31644629.2,-1
7/22/2025,905,921,897,919.94,3.01,59122,53890240.7,1
7/23/2025,930,934,912,920.78,0.09,37243,34302427.4,1
7/24/2025,928.9,928.9,907,914.85,-0.64,36145,33027452.3,-1
7/27/2025,896.6,930,896.6,909.17,-0.62,45350,41543840.7,-1
7/28/2025,909.1,910,898,909.64,0.05,52222,47136301,1
7/29/2025,891.5,932,891.5,929.41,2.17,73341,67732982.5,1
7/30/2025,932,938,912,916.16,-1.43,43237,39949145.9,-1
7/31/2025,914,920,900.1,909.61,-0.71,28517,25975319,-1
8/3/2025,910,910,891,892.57,-1.87,42015,37608115.3,-1
8/4/2025,907.9,907.9,880,890.26,-0.26,27496,24371199.2,-1
8/5/2025,895,904,879,879.54,-1.2,31485,27777081.6,-1
8/6/2025,897.1,897.1,873,880.16,0.07,13624,11982440.3,1
8/7/2025,883,888,879,880.49,0.04,19454,17143710,1
8/11/2025,885.3,895,875,877.37,-0.35,23274,20497922.4,-1
8/12/2025,871,885,871,872.99,-0.5,11154,9767464.8,-1
8/13/2025,873.1,882,865.3,874.58,0.18,12725,11142625.45,1
8/14/2025,882,882,873,876.08,0.17,9640,8439227.2,1
8/17/2025,858.6,870,848.1,849.61,-3.02,62678,53479068.9,-1
8/18/2025,849,855,849,851.52,0.22,15830,13480026.4,1
8/19/2025,865,885,850,852.81,0.15,15746,13458226.5,1
8/20/2025,853,860,850.1,852.79,0,12368,10542998.1,0
8/21/2025,864.9,864.9,850,850.4,-0.28,22531,19172712.7,-1
8/24/2025,850,863,848,852.12,0.2,14313,12187201.8,1
8/25/2025,849,859,849,850.91,-0.14,20148,17138223.1,-1
8/26/2025,866.6,866.6,849.9,850.34,-0.07,17137,14577926.9,-1
8/27/2025,867.3,867.3,849.1,852.06,0.2,47731,40618227.2,1
8/28/2025,868.8,868.8,848.7,849.32,-0.32,38036,32350190.5,-1
8/31/2025,851.5,852,845.1,848.27,-0.12,23673,20072605.3,-1
9/1/2025,865.2,865.2,840,843.03,-0.62,29413,24852190.4,-1
9/2/2025,859.8,859.8,843.1,844.1,0.13,23696,20014912.8,1
9/3/2025,850,850,844.2,845.66,0.18,7306,6185948.7,1
9/4/2025,845,858,835,839.51,-0.73,31682,26576163.5,-1
9/7/2025,839,840,824,824.74,-1.76,69008,57252441.8,-1
9/8/2025,825,835,825,825.52,0.09,20280,16770476.6,1
9/18/2025,809.1,820,762.5,808,-2.12,3839,3033919.7,-1
9/21/2025,805,851.6,800,838.6,3.79,39385,32526958.2,1
9/23/2025,845,855.1,840,854,1.84,17191,14598883.6,1
9/24/2025,865,865,848,849,-0.59,11110,9454965.2,-1
9/25/2025,845.1,856.9,840.5,848.2,-0.09,8106,6879023,-1
9/28/2025,852,855,848,852,0.45,6444,5477788.3,1
10/7/2025,852,852,843,846,-0.7,11285,9560080.3,-1
10/8/2025,848,849,833,839,-0.83,13672,11462785.4,-1
10/9/2025,853,872.6,839,847.3,0.99,13686,11633870.5,1
10/12/2025,845,850,836,841,-0.74,13058,10961756,-1
10/13/2025,857,857,831,844.1,0.37,7681,6470626.6,1
10/14/2025,858,858,840,849,0.58,8580,7265570.7,1
10/15/2025,850,855,842.1,844,-0.59,20636,17477878.7,-1
10/16/2025,854.9,854.9,838,845.8,0.21,12178,10294004.7,1
10/19/2025,847,850,840,847,0.14,12631,10664129.4,1
10/26/2025,855,855,845,845.1,-0.22,14977,12688534.4,-1
10/28/2025,853.7,865,847.4,858,1.53,14118,12086527.3,1
10/29/2025,859,866,855,856,-0.23,12479,10748711.6,-1
10/30/2025,870,870,854,864.1,0.95,15926,13731150.8,1
11/2/2025,865,881.3,860.1,877,1.49,14615,12788944,1
11/3/2025,876,881.8,864.1,880,0.34,24545,21513252.6,1
11/4/2025,875,885,875,876.9,-0.35,19494,17127438.2,-1
11/5/2025,876.9,881,871,878.9,0.23,20336,17826892,1
11/6/2025,862,880,862,873,-0.67,14216,12464386.3,-1
11/9/2025,874,886,865.4,870,-0.34,15841,13807792.8,-1
11/10/2025,861.5,875,861.5,870,0,6316,5489386.4,0
11/11/2025,887.4,887.4,863,868,-0.23,4671,4055554,-1
11/12/2025,875,875,852.6,855,-1.5,9857,8440519.5,-1
11/13/2025,852.6,862.8,852.6,856,0.12,5299,4537984.8,1
11/16/2025,872.3,872.3,851,855,-0.12,3867,3306213.6,-1
11/17/2025,855,858,845,856,0.12,6117,5214542.3,1
11/18/2025,860,869,850,858,0.23,7307,6258797.8,1
11/19/2025,858,859.9,850,852.3,-0.66,4190,3570475.6,-1
11/20/2025,853,859,847.3,850.1,-0.26,4835,4118384.4,-1
11/23/2025,859.9,865,851.1,858.6,1,9496,8171078.7,1
11/24/2025,865,865,855,862,0.4,9084,7832671,1
11/25/2025,874,874,858,864.7,0.31,11152,9604950.1,1
11/26/2025,860,870,860,865.1,0.05,7244,6266135.2,1
11/27/2025,869,871.9,862,866,0.1,10215,8862201.8,1
11/30/2025,860,877,856,861.5,-0.52,14037,12142363.1,-1
12/1/2025,861.5,867,856,861.7,0.02,6734,5802156.3,1
12/2/2025,865,865,858.1,860,-0.2,7090,6100300.1,-1
12/3/2025,860,875,860,862,0.23,8331,7183307.2,1
12/7/2025,860,880,859,873.5,1.33,23190,20195575.9,1
12/8/2025,879.9,879.9,868,871,-0.29,11256,9810194.3,-1
12/9/2025,871,874.9,864,869,-0.23,9086,7903886,-1
12/10/2025,872,872,867,869,0,6652,5782633.8,0
12/11/2025,868.9,870,865,870,0.12,8059,6985245.6,1
12/14/2025,877,877,865,872.5,0.29,18545,16194027.1,1
12/15/2025,872.5,876,872.5,874,0.17,12155,10631012.5,1
12/16/2025,874,885,872.1,885,1.26,19850,17503179.3,1
12/17/2025,880.1,892,880.1,887,0.23,14222,12631812.7,1
12/18/2025,889.8,889.8,877.2,878.7,-0.94,11553,10192184.4,-1
12/21/2025,875,882,873,879.9,0.14,10140,8901848,1
12/22/2025,875.1,880,875,875,-0.56,9374,8217145.7,-1
12/23/2025,887,900,875.2,899,2.74,45919,40919423.1,1
12/24/2025,916.9,916.9,890,895.4,-0.4,39968,35856692.7,-1
12/28/2025,909.9,909.9,896,906,1.18,38661,34912329.8,1
12/29/2025,908,911,898,904.8,-0.13,38244,34636425.7,-1
12/31/2025,909,909,900,905,0.02,40304,36498409.6,1
1/1/2026,905,909,902.2,905,0,74592,67568456.3,0
1/4/2026,895,895,848.5,868,-4.09,23309,20215558.6,-1
1/5/2026,860,864,856,857.5,-1.21,12136,10422554.8,-1
1/6/2026,860,864.9,856,859,0.17,14097,12107928,1
1/7/2026,860,864.5,856.6,858,-0.12,6012,5160363.4,-1
1/8/2026,858,860,850,858,0,9482,8122071.3,0
1/12/2026,857,863,850,851.4,-0.77,16784,14316781.8,-1
1/13/2026,853,858,845.5,846,-0.63,10718,9086945.6,-1
1/14/2026,846,850,845.1,847,0.12,10928,9252017.4,1
1/18/2026,858,858,845,852,0.59,11299,9610727.3,1
1/20/2026,863,867.9,852,859.9,0.93,14049,12048765.6,1
1/21/2026,855.1,866,855.1,862.9,0.35,8255,7129293.3,1
1/22/2026,862,867.7,856.1,860,-0.34,12001,10323849.7,-1
1/25/2026,860,874,860,868.7,1.01,37318,32356768.1,1
1/26/2026,878,879.8,860,869,0.03,18503,16065357.4,1
1/27/2026,875,875,861,863,-0.69,8502,7355735.9,-1
1/28/2026,862,865,858.3,860,-0.35,15099,12985881.6,-1
1/29/2026,861,870,857.4,858.5,-0.17,11566,9950119.9,-1
2/1/2026,870,870,853,856,-0.29,9080,7784000.8,-1
2/2/2026,850,860,850,850,-0.7,16347,13944611.1,-1
2/3/2026,851,860,847,850.9,0.11,9721,8270823.9,1
2/4/2026,834,865,834,852.9,0.24,10761,9157983.8,1
2/5/2026,850,860,850,853,0.01,8449,7195776.2,1
2/8/2026,855,860,848,850,-0.35,17064,14546845.2,-1
2/9/2026,855,859.9,844,844,-0.71,19259,16298846,-1
2/10/2026,845,848,840.1,845,0.12,15995,13490612.9,1
2/11/2026,861.9,861.9,843.5,847.5,0.3,7097,6005186.5,1
2/12/2026,855,855,845,848,0.06,16335,13830575.5,1
2/16/2026,854,855,840,848,0,17535,14828752.7,0
2/17/2026,850,850,845,845,-0.35,14321,12128465.8,-1
2/22/2026,845,850,845,845.2,0.02,10506,8892546.9,1
2/23/2026,847,859,845,855,1.16,10926,9273794.3,1
2/24/2026,855,858.7,850,853,-0.23,7123,6088720.2,-1
2/25/2026,854,854,850,853,0,4753,4052826.7,0
2/26/2026,870,870,853,855,0.23,7300,6246213.3,1
3/1/2026,855,876,850,876,2.46,18793,16174861.7,1
3/3/2026,893.5,893.5,862,872,-0.46,12203,10616496.9,-1
3/9/2026,889.4,924,880,880,0.92,9298,8373842.8,1
3/10/2026,897.6,942.5,880,900,2.27,96225,86579936.6,1
3/11/2026,908,908,890,890.5,-1.06,21122,18952770.6,-1
3/12/2026,890.5,895,876,887,-0.39,14394,12785535.9,-1
3/15/2026,890,898,887,887.9,0.1,13675,12151932.6,1
3/16/2026,893.8,893.8,870,877,-1.23,16799,14782587,-1
3/17/2026,879.4,886,870,879.2,0.25,8196,7196499.8,1
3/19/2026,886,890,881,889,1.11,28123,24900160.6,1
3/22/2026,895,909.9,895,909.9,2.35,67464,60960093.9,1
3/23/2026,920,928,900.1,908,-0.21,59765,54567882.3,-1
3/24/2026,920,920,908,914,0.66,18877,17225044.2,1
3/25/2026,932,932,895,895,-2.08,16089,14545111.1,-1
3/26/2026,877.1,917,877.1,904.9,1.11,40620,36677601,1
3/29/2026,905,907,890,891.9,-1.44,33019,29644359.9,-1
3/30/2026,891,891,875,875,-1.89,20255,17895452.3,-1
3/31/2026,884.9,890,870,877,0.23,13480,11808086.8,1
4/1/2026,880,880,866,868,-1.03,22437,19584172.4,-1
4/2/2026,850.7,875,850.7,866,-0.23,17213,14939199.1,-1
4/5/2026,883.3,883.3,854.2,858.5,-0.87,17865,15368254.1,-1
4/6/2026,869.9,879.5,861,877,2.15,20360,17797448.8,1
4/7/2026,890,890,873,877,0,10567,9292745.3,0
4/8/2026,894.5,894.5,872.2,876,-0.11,15283,13433132,-1
4/9/2026,878.3,884,875,879.8,0.43,35471,31101423.4,1
4/10/2026,890,890,875.5,880,0.02,18347,16149296.6,1
4/13/2026,870.4,887.3,869.9,870,-1.14,12536,10992674.2,-1
4/15/2026,883,883,873,879,1.03,9051,7948408.9,1
4/16/2026,879,881,870.1,880,0.11,11980,10511398.1,1
4/17/2026,881,885,871,880,0,12852,11322800.4,0
4/20/2026,875,885,875,883,0.34,9319,8193932.4,1
4/21/2026,880.1,885,870.5,870.6,-1.4,9597,8441165.3,-1
4/22/2026,883,883,865,870.1,-0.06,12121,10543271.5,-1
4/23/2026,896,896,865,872,0.22,14205,12463275.1,1
4/24/2026,884,884,860.6,870,-0.23,5466,4760542.2,-1
4/27/2026,870,885,860,871,0.11,15145,13162963.6,1
4/28/2026,871,881,873,876,0.57,12334,10823110.7,1
4/29/2026,876,887,873.1,874,-0.23,9723,8514400.4,-1
4/30/2026,875,889,867,872,-0.23,17381,15251164,-1
5/4/2026,872,882,872,873,0.11,8919,7807034.5,1
5/5/2026,880,880,870,872.2,-0.09,9200,8055496.5,-1
5/6/2026,875,876,870,875,0.32,6660,5810441.1,1
5/7/2026,875.2,883,870.4,880,0.57,7572,6635560.6,1
5/8/2026,884.9,884.9,876,880,0,9570,8438563.5,0
5/11/2026,889,890,885,890,1.14,8545,7586704.2,1
5/12/2026,890,908,886.6,886.6,-0.38,12061,10747932.6,-1
5/13/2026,890,891,885,890,0.38,7937,7053893,1
5/14/2026,890,893,888,890,0,7978,7102789.8,0
5/15/2026,895.9,895.9,888,892,0.22,9275,8260179.3,1
5/18/2026,894,895,889.2,890.5,-0.17,7931,7070109.1,-1
5/19/2026,890,895,886.6,886.6,-0.44,15468,13760349.2,-1
5/20/2026,880,896,880,888,0.16,5542,4920257.5,1
5/21/2026,892,897,885.8,888,0,5112,4540539.4,0
5/22/2026,892,892,889,890.4,0.27,6127,5457118.8,1
5/25/2026,890,899.9,888.5,898.5,0.91,14947,13410066.5,1
5/26/2026,900,903,896.1,900,0.17,9795,8809455.3,1
5/27/2026,904,904,896,900,0,14697,13234269.6,0
6/1/2026,855,890.4,831.7,864,-4,111256,95609260.6,-1
6/2/2026,860,871.9,860,868,0.46,26550,23001442.2,1
6/3/2026,874,878,868,870,0.23,17123,14932456.2,1
6/4/2026,865,871,850,859.7,-1.18,16416,14159647.4,-1
6/5/2026,851.1,860,851.1,857,-0.31,15647,13423339.5,-1
6/8/2026,857,858,851.5,853.5,-0.41,15429,13168265.7,-1
6/9/2026,853,856,845,850.7,-0.33,14927,12692638.3,-1
6/10/2026,855,855,846.2,847,-0.43,11049,9402448.4,-1
6/11/2026,847,858,844,848,0.12,16863,14297999.8,1
6/12/2026,857.6,859,845.2,851.9,0.46,14621,12403216.5,1
6/15/2026,859.8,859.8,845.1,848,-0.46,10695,9075439.6,-1
6/16/2026,849,850,845,849,0.12,9317,7896787.3,1
6/17/2026,850,850,845,848.5,-0.06,4090,3469900.9,-1
6/18/2026,848.6,850,848,849,0.06,6115,5193961.6,1
6/19/2026,851,851.4,848,849,0,6752,5735729.8,0
6/22/2026,891.4,891.4,840,848.7,-0.04,7815,6609644.4,-1
6/23/2026,850.4,850.4,840,849,0.04,15314,12959418.9,1
6/24/2026,849,850,840,844,-0.59,10354,8749054,-1
6/25/2026,847,849,842,845,0.12,7792,6581964.1,1
6/26/2026,850,850,844,845,0,6192,5234518,0
6/29/2026,848,848,838,843,-0.24,8209,6921841.7,-1
6/30/2026,843,843.1,840,843,0,6339,5339521.2,0
7/1/2026,848,848,842,847.9,0.58,4586,3883735.2,-1
7/2/2026,848,850,848,849,0.13,5018,4258158.4,1
7/3/2026,849.9,849.9,844,846,-0.35,7001,5928603.5,-1
7/6/2026,850,850,845,847,0.12,4024,3407657.2,-1
7/7/2026,848,849.7,840,848,0.12,4249,3593796.4,0
7/8/2026,850,850,846,847,-0.12,4358,3694214,-1
7/9/2026,844,848.9,843,847,0,5465,4630716.9,1
7/10/2026,850,850,845,847,0,4449,3769939.4,-1
7/13/2026,845,849,840,846,-0.12,6841,5781520.9,1
7/14/2026,846,851,845,850.9,0.58,11091,9412231.5,1
7/15/2026,859.9,859.9,848,853,0.25,6065,5177440.5,-1
7/16/2026,853,861,853,857.5,0.53,3418,2936170.7,1
7/17/2026,860,868,850,862,0.52,13997,12026614,1
7/20/2026,880,880,862,869,0.81,9133,7947092.3,-1
7/21/2026,875,875,862.5,864.9,-0.47,6076,5267791.1,-1
7/22/2026,875,875,853,857.1,-0.9,12970,11115716.3,-1
7/23/2026,860,860,855,859,0.22,3472,2979164.3,-1
7/24/2026,875,880,860.1,864,0.58,7547,6540831,-1
7/27/2026,864.1,865,859.5,862,-0.23,8580,7395522.9,-1
7/28/2026,864.9,864.9,855.1,861.9,-0.01,3201,2757675.1,-1
7/29/2026,858,875,855.2,869.8,0.92,14738,12812421.4,1
7/30/2026,870,874.9,863,865,-0.55,3581,3099080.8,-1
7/31/2026,850,870,850,861,-0.46,6077,5262367.3,1
8/3/2026,870,875.1,857.1,860,-0.12,27525,23823621.6,-1
8/4/2026,873.9,875,859,865.1,0.59,16441,14292458.7,-1
8/5/2026,870,872,860,865.8,0.08,31100,26768429.4,-1
8/6/2026,860,877,857.1,862,-0.44,4505,3884007.4,1
8/7/2026,870.9,870.9,862,863.9,0.22,8319,7200295.2,-1
8/10/2026,864,872,860,860,-0.45,17752,15283301.8,-1
8/11/2026,869.9,869.9,860,861.1,0.13,3042,2623792.2,-1
8/12/2026,861,868.7,861,862.1,0.12,5408,4680350.3,1
8/13/2026,892.5,892.5,860,865,0.34,7783,6722351.3,-1
8/14/2026,866,883,865.1,883,2.08,31170,27245638.1,1
8/17/2026,893,901,870,895,1.36,28242,25090055.5,1
8/18/2026,895,895,877,886,-1.01,11423,10066354.5,-1
8/19/2026,871,888,871,888,0.23,6849,6048487.1,1
8/20/2026,888.1,900,875.1,898.5,1.18,30738,27541664.7,1
8/21/2026,900,900,880,885,-1.5,8567,7598925.7,-1
8/24/2026,890,890,880,880,-0.56,4545,4008835.7,-1
8/25/2026,885,895,880,883,0.34,2875,2547840.1,-1
8/26/2026,885,885,874,875,-0.91,7271,6384112,-1
8/27/2026,875,883,865,875,0,4323,3770805.4,0
8/31/2026,874,880,870,870,-0.57,4811,4192314.2,-1
9/1/2026,872,878.7,866,877,0.8,4812,4206865.2,1
9/2/2026,877,884,874,881,0.46,3130,2748266.8,1
9/3/2026,890,890,878.2,881,0,7356,6478916.1,-1
9/7/2026,900,900,881,884,0.34,7862,6954537.9,-1
9/9/2026,928.2,928.2,884,888,0.45,9362,8322127.8,-1
9/10/2026,891,893,883,883.1,-0.55,5014,4442002.6,-1
9/11/2026,889,889,875,884,0.1,6278,5525585.2,-1
9/14/2026,884,887,882,886,0.23,3280,2902431.8,1
9/15/2026,912,912,890,895,1.02,23205,20810936,-1
9/16/2026,900,900,890,890,-0.56,8865,7903416.5,-1
9/17/2026,880,895,880,892,0.22,3711,3310635.3,1
9/18/2026,892,899.8,890,892,0,4473,3991232.1,0
9/22/2026,895.1,920,891.1,920,2.78,50277,45569102.6,1
